bust,waist,hips,shoulder,height,shape
38,35,37,19,155,Rectangle
44,41,36,23,166,InvertedTriangle
44,38,38,22,154,InvertedTriangle
34,31,33,19,184,Rectangle
35,33,41,16,163,Pear
40,38,41,19,156,Rectangle
42,33,44,19,152,Hourglass
38,29,38,16,152,Hourglass
34,33,33,18,166,Rectangle
35,33,35,17,158,Rectangle
38,33,49,15,170,Pear
38,34,32,23,170,InvertedTriangle
35,32,35,17,174,Rectangle
34,32,35,18,160,Rectangle
39,39,36,18,161,Apple
37,35,36,17,172,Apple
34,27,34,18,162,Hourglass
46,40,38,23,165,InvertedTriangle
38,34,29,22,175,InvertedTriangle
38,33,45,15,180,Pear
37,36,36,17,164,Apple
36,32,42,18,164,Pear
34,33,36,19,165,Rectangle
39,33,38,18,150,Hourglass
43,39,36,20,170,InvertedTriangle
37,35,36,17,154,Rectangle
37,37,34,20,163,Apple
35,30,41,16,178,Pear
43,39,38,23,185,InvertedTriangle
34,32,44,15,176,Pear
42,36,36,22,168,InvertedTriangle
44,38,38,24,162,InvertedTriangle
38,34,49,18,150,Pear
42,38,37,23,171,InvertedTriangle
35,33,36,17,151,Rectangle
32,27,44,16,176,Pear
36,34,48,15,163,Pear
44,38,35,20,156,InvertedTriangle
39,34,30,23,179,InvertedTriangle
37,35,36,18,154,Rectangle
43,43,41,17,168,Apple
39,35,30,21,184,InvertedTriangle
35,33,41,15,185,Pear
32,28,39,17,179,Pear
39,36,38,16,158,Rectangle
38,37,35,17,183,Apple
42,42,41,20,157,Apple
33,28,44,17,179,Pear
34,33,34,18,177,Rectangle
40,31,38,19,175,Hourglass
38,32,36,16,160,Hourglass
38,34,48,18,185,Pear
38,34,33,24,162,InvertedTriangle
34,33,35,16,172,Rectangle
37,35,34,18,160,Apple
37,34,37,16,175,Rectangle
33,29,45,15,177,Pear
42,37,33,22,185,InvertedTriangle
39,29,39,18,178,Hourglass
34,32,41,16,160,Pear
39,33,39,18,153,Hourglass
40,33,40,17,161,Hourglass
40,33,39,16,163,Hourglass
36,34,48,16,163,Pear
36,34,37,16,179,Rectangle
38,29,40,19,172,Hourglass
36,26,36,17,178,Hourglass
33,29,45,17,161,Pear
35,34,34,18,183,Rectangle
40,38,42,17,160,Rectangle
42,32,44,16,173,Hourglass
43,42,41,20,167,Apple
37,34,39,19,184,Rectangle
38,30,38,16,177,Hourglass
39,36,39,16,153,Rectangle
39,31,37,17,171,Hourglass
44,43,41,19,182,Apple
34,30,45,18,163,Pear
38,36,36,17,174,Apple
38,33,33,21,174,InvertedTriangle
37,36,34,17,161,Apple
41,37,36,24,155,InvertedTriangle
36,34,45,18,159,Pear
39,35,29,20,169,InvertedTriangle
37,30,35,17,151,Hourglass
32,30,38,15,181,Pear
35,33,47,16,161,Pear
42,42,40,19,172,Apple
39,33,39,19,150,Hourglass
45,39,35,23,162,InvertedTriangle
38,33,48,15,178,Pear
39,36,33,23,152,InvertedTriangle
39,35,34,23,177,InvertedTriangle
40,39,39,19,168,Apple
37,36,37,16,169,Rectangle
38,28,38,16,153,Hourglass
34,31,36,18,150,Rectangle
42,41,41,18,168,Apple
40,40,37,19,169,Apple
39,36,41,17,177,Rectangle
37,35,43,15,157,Pear
36,34,45,18,159,Pear
36,34,35,18,184,Rectangle
45,41,40,20,152,InvertedTriangle
37,35,37,16,172,Rectangle
38,35,45,17,170,Pear
46,43,37,20,151,InvertedTriangle
37,36,35,20,152,Apple
39,35,33,22,159,InvertedTriangle
38,35,39,18,158,Rectangle
36,29,34,19,172,Hourglass
38,38,37,20,166,Apple
41,37,31,24,180,InvertedTriangle
34,25,35,19,151,Hourglass
37,34,44,16,162,Pear
33,29,39,16,173,Pear
36,36,33,18,178,Apple
38,36,38,17,179,Rectangle
39,38,39,17,168,Rectangle
40,36,33,22,170,InvertedTriangle
41,37,31,21,176,InvertedTriangle
40,32,39,16,160,Hourglass
38,31,40,19,175,Hourglass
38,34,28,21,158,InvertedTriangle
39,36,39,18,162,Rectangle
33,31,45,18,156,Pear
38,36,35,18,164,Apple
44,39,35,22,179,InvertedTriangle
38,33,29,23,168,InvertedTriangle
42,32,44,18,182,Hourglass
42,35,42,16,174,Hourglass
40,37,41,17,175,Rectangle
34,33,35,16,176,Rectangle
36,30,34,17,152,Hourglass
34,33,35,18,167,Rectangle
39,38,39,17,156,Rectangle
38,32,39,18,182,Hourglass
38,34,46,18,171,Pear
46,43,39,21,160,InvertedTriangle
38,36,39,18,182,Rectangle
34,31,40,17,169,Pear
42,40,41,19,174,Apple
42,36,34,20,166,InvertedTriangle
38,36,50,17,181,Pear
35,33,41,16,176,Pear
33,30,45,17,153,Pear
37,36,35,19,176,Apple
40,39,39,17,175,Apple
36,31,47,16,152,Pear
32,27,41,18,177,Pear
44,42,42,18,177,Apple
36,27,36,17,156,Hourglass
43,41,41,17,180,Apple
38,36,35,19,166,Apple
40,35,31,21,178,InvertedTriangle
46,41,36,22,180,InvertedTriangle
38,36,45,15,177,Pear
46,41,41,21,157,InvertedTriangle
39,37,40,18,159,Rectangle
34,24,33,19,162,Hourglass
36,33,48,17,156,Pear
34,27,33,17,173,Hourglass
38,29,36,16,163,Hourglass
35,34,34,16,184,Rectangle
36,34,35,17,162,Rectangle
44,44,41,19,170,Apple
37,35,49,18,171,Pear
45,40,40,22,183,InvertedTriangle
39,38,40,17,169,Rectangle
38,35,33,20,157,InvertedTriangle
40,31,41,18,160,Hourglass
39,38,38,19,185,Apple
32,28,44,17,180,Pear
38,33,45,17,168,Pear
39,36,40,16,159,Rectangle
35,32,41,15,173,Pear
42,34,43,19,174,Hourglass
36,34,34,18,173,Apple
41,35,34,22,161,InvertedTriangle
36,34,48,15,153,Pear
34,26,33,16,156,Hourglass
41,39,39,20,161,Apple
36,34,42,15,155,Pear
41,35,34,20,177,InvertedTriangle
38,35,39,19,182,Rectangle
36,29,36,17,171,Hourglass
37,35,49,16,172,Pear
34,33,33,18,163,Rectangle
38,36,39,19,159,Rectangle
43,39,36,24,155,InvertedTriangle
38,37,39,19,151,Rectangle
39,38,36,18,163,Apple
37,31,36,18,160,Hourglass
40,34,42,17,164,Hourglass
46,43,36,23,155,InvertedTriangle
38,34,45,15,176,Pear
38,35,40,18,162,Rectangle
34,32,35,16,177,Rectangle
38,34,32,23,185,InvertedTriangle
37,36,35,19,166,Apple
39,29,37,17,170,Hourglass
39,37,37,20,164,Apple
43,37,33,23,155,InvertedTriangle
42,41,39,17,185,Apple
36,31,43,17,182,Pear
37,35,36,18,150,Apple
43,41,41,17,153,Apple
41,39,39,20,151,Apple
34,29,41,15,157,Pear
34,32,46,15,174,Pear
40,32,38,17,152,Hourglass
40,37,35,20,183,InvertedTriangle
37,34,37,19,176,Rectangle
34,32,40,15,168,Pear
34,31,42,15,151,Pear
36,35,37,17,183,Rectangle
38,38,36,17,162,Apple
40,31,38,18,161,Hourglass
42,40,41,20,156,Apple
45,39,36,21,176,InvertedTriangle
41,40,40,20,152,Apple
34,28,34,18,172,Hourglass
40,33,38,19,156,Hourglass
37,30,37,16,158,Hourglass
40,37,39,17,177,Rectangle
41,36,36,21,175,InvertedTriangle
36,28,35,17,183,Hourglass
38,32,33,24,162,InvertedTriangle
35,32,44,17,157,Pear
38,36,36,18,174,Apple
37,36,36,19,180,Rectangle
37,34,49,17,165,Pear
45,40,38,24,152,InvertedTriangle
36,34,33,18,171,Apple
38,28,37,16,172,Hourglass
38,33,49,18,159,Pear
40,39,42,16,184,Rectangle
40,33,38,17,171,Hourglass
35,34,34,19,151,Rectangle
38,35,45,16,154,Pear
39,35,32,24,175,InvertedTriangle
38,37,38,16,165,Rectangle
41,35,39,18,183,Hourglass
41,40,40,20,161,Apple
39,39,36,18,178,Apple
40,40,37,18,182,Apple
36,34,46,15,171,Pear
32,29,41,15,162,Pear
35,34,35,19,176,Rectangle
38,37,36,20,172,Apple
42,41,40,20,156,Apple
38,35,38,17,177,Rectangle
43,42,40,17,163,Apple
38,36,48,18,166,Pear
33,31,41,17,164,Pear
42,35,43,16,164,Hourglass
36,31,47,16,174,Pear
38,35,44,15,169,Pear
39,33,30,22,167,InvertedTriangle
36,34,43,15,163,Pear
42,36,32,23,151,InvertedTriangle
39,35,32,20,156,InvertedTriangle
44,39,34,22,155,InvertedTriangle
44,41,39,22,168,InvertedTriangle
40,30,39,19,157,Hourglass
39,37,38,17,165,Apple
38,37,37,18,158,Apple
35,31,41,18,179,Pear
40,30,38,19,166,Hourglass
34,29,46,17,161,Pear
40,36,35,24,175,InvertedTriangle
35,33,42,15,166,Pear
32,29,41,18,182,Pear
35,30,46,18,165,Pear
38,34,28,21,168,InvertedTriangle
38,36,40,19,150,Rectangle
44,42,43,20,153,Apple
36,31,44,15,155,Pear
45,40,39,20,151,InvertedTriangle
35,30,47,18,164,Pear
37,35,38,16,180,Rectangle
36,29,35,17,172,Hourglass
34,32,33,18,163,Rectangle
38,38,37,20,170,Apple
33,28,42,15,179,Pear
41,35,33,23,175,InvertedTriangle
37,35,35,20,165,Apple
40,38,42,18,170,Rectangle
38,38,36,18,183,Apple
39,29,37,16,152,Hourglass
38,37,38,17,162,Rectangle
36,35,34,18,163,Apple
38,36,35,18,172,Apple
44,43,41,17,152,Apple
41,32,39,17,182,Hourglass
39,36,41,19,170,Rectangle
33,28,44,17,178,Pear
40,36,35,20,151,InvertedTriangle
40,37,39,16,151,Rectangle
43,39,33,22,153,InvertedTriangle
37,35,35,18,152,Apple
37,36,38,16,153,Rectangle
37,33,46,16,170,Pear
41,40,39,17,167,Apple
35,25,34,17,180,Hourglass
37,27,39,18,173,Hourglass
43,42,40,20,177,Apple
40,36,33,20,157,InvertedTriangle
37,35,49,17,150,Pear
44,42,43,19,150,Apple
44,43,43,19,150,Apple
43,39,35,23,182,InvertedTriangle
35,33,34,16,174,Rectangle
38,32,32,24,174,InvertedTriangle
36,35,35,19,177,Apple
37,36,38,16,175,Rectangle
40,37,42,18,160,Rectangle
41,32,42,16,177,Hourglass
32,29,43,18,183,Pear
36,31,45,15,173,Pear
41,36,34,20,168,InvertedTriangle
39,39,37,19,171,Apple
40,37,39,19,151,Rectangle
35,31,45,17,168,Pear
39,33,39,18,156,Hourglass
45,39,36,24,161,InvertedTriangle
44,42,42,18,168,Apple
40,37,35,23,159,InvertedTriangle
37,35,45,15,157,Pear
32,27,43,18,156,Pear
35,32,45,16,154,Pear
39,34,31,24,167,InvertedTriangle
35,32,37,18,170,Rectangle
42,41,39,19,167,Apple
40,38,38,19,161,Apple
38,38,36,20,153,Apple
43,40,37,22,173,InvertedTriangle
42,38,33,22,169,InvertedTriangle
39,39,36,17,160,Apple
39,30,41,16,180,Hourglass
34,32,41,16,182,Pear
38,36,47,18,158,Pear
38,32,39,16,162,Hourglass
34,29,45,17,176,Pear
46,42,40,20,185,InvertedTriangle
44,43,41,20,157,Apple
40,40,38,18,178,Apple
37,36,34,20,156,Apple
35,28,33,19,172,Hourglass
37,33,44,17,164,Pear
39,38,38,20,171,Apple
32,29,40,18,170,Pear
39,36,40,16,171,Rectangle
40,37,32,21,183,InvertedTriangle
41,40,40,19,151,Apple
39,37,37,19,163,Apple
34,33,35,16,176,Rectangle
43,37,36,22,179,InvertedTriangle
44,41,34,21,172,InvertedTriangle
36,30,37,18,179,Hourglass
41,39,38,19,150,Apple
41,31,41,18,166,Hourglass
41,33,39,19,182,Hourglass
46,43,37,23,150,InvertedTriangle
32,28,42,17,184,Pear
38,30,36,17,169,Hourglass
42,41,40,19,181,Apple
36,34,36,17,180,Rectangle
41,41,39,17,181,Apple
37,33,44,15,168,Pear
36,32,45,15,178,Pear
45,40,37,21,185,InvertedTriangle
39,36,33,24,150,InvertedTriangle
43,43,40,19,158,Apple
33,30,39,16,160,Pear
35,30,41,17,168,Pear
42,41,40,20,175,Apple
38,34,48,17,151,Pear
38,37,35,17,182,Apple
40,30,42,16,163,Hourglass
44,41,37,23,175,InvertedTriangle
40,39,39,17,161,Apple
44,42,42,17,185,Apple
38,31,37,18,179,Hourglass
36,35,35,16,185,Rectangle
36,31,44,18,158,Pear
36,32,47,18,167,Pear
38,37,36,18,159,Apple
35,26,33,16,167,Hourglass
45,39,38,24,184,InvertedTriangle
38,37,35,19,152,Apple
38,34,30,23,182,InvertedTriangle
34,32,41,18,181,Pear
40,40,38,18,151,Apple
33,28,45,15,165,Pear
35,32,41,18,181,Pear
39,38,37,20,163,Apple
36,33,35,18,170,Rectangle
41,40,38,17,181,Apple
40,30,42,18,177,Hourglass
34,25,36,16,159,Hourglass
34,31,40,17,173,Pear
36,28,36,19,157,Hourglass
42,40,40,17,183,Apple
34,32,46,18,161,Pear
34,24,36,17,150,Hourglass
32,27,42,17,182,Pear
34,32,42,18,161,Pear
36,33,45,17,159,Pear
37,33,48,17,156,Pear
38,35,31,24,155,InvertedTriangle
38,34,31,21,183,InvertedTriangle
34,32,40,15,154,Pear
44,39,36,22,158,InvertedTriangle
40,38,40,16,181,Rectangle
42,37,33,24,151,InvertedTriangle
34,31,33,17,153,Rectangle
38,36,49,17,158,Pear
40,38,39,18,181,Apple
38,30,39,17,172,Hourglass
40,36,32,23,174,InvertedTriangle
41,32,41,16,185,Hourglass
41,39,38,17,166,Apple
46,40,38,21,169,InvertedTriangle
41,36,34,21,150,InvertedTriangle
37,35,34,20,176,Apple
34,31,35,16,164,Rectangle
38,33,28,24,175,InvertedTriangle
35,27,37,16,165,Hourglass
41,35,43,17,174,Hourglass
38,34,29,22,167,InvertedTriangle
44,42,42,20,174,Apple
36,34,43,16,183,Pear
34,31,43,17,175,Pear
38,38,37,17,184,Apple
41,35,36,22,165,InvertedTriangle
37,36,38,18,180,Rectangle
35,29,37,18,164,Hourglass
34,27,32,17,153,Hourglass
36,35,33,17,151,Apple
39,38,38,18,180,Apple
37,35,36,17,171,Rectangle
40,39,39,17,172,Apple
36,33,36,16,182,Rectangle
42,36,37,22,169,InvertedTriangle
44,41,34,24,185,InvertedTriangle
37,27,37,16,178,Hourglass
37,34,44,17,175,Pear
40,37,39,19,176,Rectangle
41,41,40,20,156,Apple
44,40,37,23,163,InvertedTriangle
43,38,35,20,163,InvertedTriangle
36,34,44,16,172,Pear
41,33,42,18,176,Hourglass
43,43,41,17,156,Apple
38,36,45,17,174,Pear
39,39,37,17,167,Apple
32,27,39,16,163,Pear
42,40,40,18,167,Apple
34,31,34,18,176,Rectangle
35,33,37,17,183,Rectangle
36,32,42,18,178,Pear
36,29,34,19,172,Hourglass
38,37,36,18,164,Apple
38,31,39,17,176,Hourglass
32,30,39,16,153,Pear
37,35,39,16,160,Rectangle
41,39,40,20,165,Apple
36,34,42,18,157,Pear
40,37,41,19,182,Rectangle
34,25,35,16,165,Hourglass
45,42,38,23,166,InvertedTriangle
34,31,33,16,157,Rectangle
38,35,39,16,170,Rectangle
43,40,33,22,163,InvertedTriangle
33,30,42,15,176,Pear
43,42,40,17,157,Apple
38,35,37,19,181,Rectangle
44,39,37,23,181,InvertedTriangle
38,35,33,21,173,InvertedTriangle
40,34,40,18,171,Hourglass
34,30,43,16,177,Pear
35,32,45,15,168,Pear
40,30,39,19,185,Hourglass
41,38,33,21,176,InvertedTriangle
41,33,41,17,165,Hourglass
40,36,30,22,152,InvertedTriangle
38,37,35,19,163,Apple
34,32,40,15,159,Pear
39,33,29,20,151,InvertedTriangle
36,35,34,17,178,Apple
37,36,39,18,167,Rectangle
37,34,47,18,170,Pear
37,35,36,19,180,Apple
39,36,39,19,151,Rectangle
42,36,43,18,160,Hourglass
39,32,41,17,185,Hourglass
34,29,44,18,169,Pear
35,33,36,17,176,Rectangle
38,36,47,16,177,Pear
41,39,39,17,151,Apple
36,34,44,18,152,Pear
42,36,33,20,174,InvertedTriangle
38,35,39,17,169,Rectangle
38,34,46,17,156,Pear
42,42,41,19,181,Apple
35,33,34,19,184,Rectangle
36,36,35,18,159,Apple
46,40,39,22,157,InvertedTriangle
38,36,40,18,158,Rectangle
38,34,47,15,162,Pear
46,42,38,21,154,InvertedTriangle
46,41,37,23,163,InvertedTriangle
38,35,28,24,152,InvertedTriangle
33,29,40,15,166,Pear
35,26,35,17,163,Hourglass
36,35,35,20,160,Apple
34,31,35,16,180,Rectangle
39,30,40,17,158,Hourglass
37,33,45,15,166,Pear
38,34,44,17,154,Pear
44,43,41,20,166,Apple
36,28,37,16,165,Hourglass
33,30,43,17,179,Pear
36,35,34,20,178,Apple
41,39,39,20,177,Apple
41,31,42,19,152,Hourglass
34,24,35,18,159,Hourglass
42,34,43,16,179,Hourglass
41,35,34,20,174,InvertedTriangle
36,34,46,17,170,Pear
36,35,37,18,155,Rectangle
38,36,37,17,156,Rectangle
33,29,40,17,165,Pear
42,38,32,22,175,InvertedTriangle
42,42,40,19,171,Apple
34,31,42,17,173,Pear
38,34,44,17,170,Pear
37,31,39,17,164,Hourglass
42,35,41,17,156,Hourglass
35,26,33,19,158,Hourglass
37,31,35,16,184,Hourglass
46,42,41,20,159,InvertedTriangle
41,31,39,17,166,Hourglass
37,35,36,16,164,Rectangle
45,39,36,24,159,InvertedTriangle
39,36,32,21,172,InvertedTriangle
37,35,48,18,157,Pear
37,30,38,18,170,Hourglass
34,26,33,16,155,Hourglass
44,40,38,21,171,InvertedTriangle
38,29,40,16,179,Hourglass
46,41,38,22,156,InvertedTriangle
36,36,35,17,168,Apple
36,33,35,19,164,Rectangle
43,37,36,21,163,InvertedTriangle
37,27,39,19,160,Hourglass
34,31,40,16,150,Pear
34,30,42,18,154,Pear
42,33,43,18,152,Hourglass
38,34,49,15,151,Pear
38,36,39,16,159,Rectangle
42,34,43,18,161,Hourglass
41,34,39,19,167,Hourglass
36,28,35,19,161,Hourglass
38,36,40,16,163,Rectangle
42,33,44,19,152,Hourglass
35,29,37,19,150,Hourglass
36,33,48,18,162,Pear
41,34,43,19,175,Hourglass
37,35,46,15,160,Pear
37,35,36,19,161,Rectangle
34,31,40,15,160,Pear
35,33,42,16,169,Pear
45,40,36,20,179,InvertedTriangle
38,36,38,19,153,Rectangle
41,31,39,19,176,Hourglass
34,24,32,16,154,Hourglass
39,32,41,18,172,Hourglass
38,28,37,19,158,Hourglass
40,40,37,19,182,Apple
39,36,38,16,177,Rectangle
35,30,45,16,184,Pear
38,33,48,16,153,Pear
38,36,49,16,151,Pear
39,38,37,20,160,Apple
45,41,37,21,164,InvertedTriangle
38,37,38,18,172,Rectangle
42,41,40,18,167,Apple
39,36,39,18,185,Rectangle
35,31,47,16,169,Pear
39,37,37,19,184,Apple
32,27,42,18,155,Pear
38,35,50,18,158,Pear
39,37,39,17,161,Rectangle
39,39,38,20,168,Apple
38,29,39,18,173,Hourglass
38,37,37,16,179,Rectangle
38,37,40,18,176,Rectangle
40,37,41,17,154,Rectangle
37,34,43,16,167,Pear
35,33,47,16,166,Pear
35,32,37,17,153,Rectangle
37,32,49,17,160,Pear
41,40,40,20,180,Apple
39,38,41,17,151,Rectangle
36,34,34,19,177,Apple
36,33,45,15,172,Pear
37,35,36,17,183,Apple
38,37,37,17,173,Rectangle
38,35,38,17,170,Rectangle
35,32,42,18,161,Pear
46,40,39,22,173,InvertedTriangle
33,30,39,16,175,Pear
36,26,34,18,158,Hourglass
39,37,38,20,177,Apple
43,40,34,20,180,InvertedTriangle
42,37,36,24,167,InvertedTriangle
34,32,43,15,151,Pear
36,31,42,18,150,Pear
44,43,41,19,174,Apple
38,36,48,16,174,Pear
39,29,41,19,170,Hourglass
44,40,35,24,180,InvertedTriangle
42,36,42,19,165,Hourglass
34,31,43,15,176,Pear
36,34,35,18,168,Apple
44,39,34,22,176,InvertedTriangle
38,37,37,18,157,Rectangle
40,39,42,17,150,Rectangle
36,33,45,15,183,Pear
39,37,37,18,168,Apple
32,28,44,17,151,Pear
39,34,29,21,180,InvertedTriangle
35,33,41,17,164,Pear
36,26,34,16,177,Hourglass
45,41,40,21,167,InvertedTriangle
43,43,42,20,168,Apple
37,29,38,19,157,Hourglass
36,28,36,17,155,Hourglass
42,41,41,18,160,Apple
34,31,46,17,183,Pear
35,25,37,18,156,Hourglass
35,30,46,15,175,Pear
35,32,37,18,153,Rectangle
34,30,40,18,167,Pear
37,33,46,17,174,Pear
37,29,35,17,175,Hourglass
34,32,43,16,172,Pear
38,37,40,17,181,Rectangle
41,34,39,17,170,Hourglass
42,32,43,18,157,Hourglass
37,37,35,20,171,Apple
43,41,40,18,176,Apple
35,32,44,17,179,Pear
41,35,39,18,184,Hourglass
39,36,32,21,170,InvertedTriangle
42,40,40,18,152,Apple
42,40,41,18,185,Apple
36,33,36,17,172,Rectangle
36,30,37,17,162,Hourglass
37,34,47,15,180,Pear
32,28,38,17,165,Pear
36,36,33,18,169,Apple
39,32,37,16,167,Hourglass
40,39,40,18,184,Rectangle
44,43,43,20,163,Apple
39,30,39,17,184,Hourglass
38,33,44,16,166,Pear
38,37,38,18,179,Rectangle
36,35,35,16,164,Rectangle
38,34,33,20,164,InvertedTriangle
38,32,28,21,156,InvertedTriangle
36,34,35,18,153,Rectangle
37,36,38,19,178,Rectangle
41,35,40,17,177,Hourglass
36,35,37,19,168,Rectangle
35,25,34,18,185,Hourglass
45,40,36,21,166,InvertedTriangle
39,30,41,18,178,Hourglass
37,29,37,17,174,Hourglass
34,29,41,15,176,Pear
36,27,38,16,168,Hourglass
37,36,36,16,176,Rectangle
32,27,42,17,163,Pear
38,37,38,19,152,Rectangle
43,42,41,18,174,Apple
43,38,37,20,175,InvertedTriangle
34,32,42,16,162,Pear
37,37,34,18,163,Apple
42,39,36,23,181,InvertedTriangle
39,34,34,22,167,InvertedTriangle
38,37,36,20,183,Apple
39,38,37,18,156,Apple
34,32,43,16,182,Pear
42,35,40,19,156,Hourglass
44,39,39,23,166,InvertedTriangle
34,31,34,17,184,Rectangle
42,40,40,19,153,Apple
37,37,36,18,185,Apple
43,43,41,18,150,Apple
36,29,37,18,155,Hourglass
40,37,35,23,150,InvertedTriangle
40,33,41,19,166,Hourglass
36,31,45,17,151,Pear
35,28,37,17,165,Hourglass
39,35,33,23,160,InvertedTriangle
42,41,40,19,167,Apple
42,41,40,20,170,Apple
41,33,39,18,184,Hourglass
39,36,34,23,156,InvertedTriangle
38,30,38,16,153,Hourglass
45,41,38,22,163,InvertedTriangle
44,44,42,20,177,Apple
40,37,39,19,158,Rectangle
38,31,39,18,160,Hourglass
36,27,36,17,154,Hourglass
36,35,35,16,185,Rectangle
34,32,42,15,180,Pear
34,30,46,15,161,Pear
37,29,36,18,183,Hourglass
38,32,33,21,168,InvertedTriangle
39,34,33,21,170,InvertedTriangle
41,37,36,22,183,InvertedTriangle
34,24,36,16,164,Hourglass
35,33,47,18,171,Pear
43,43,42,18,159,Apple
36,32,45,16,169,Pear
32,30,40,15,181,Pear
42,39,35,21,153,InvertedTriangle
42,34,44,19,170,Hourglass
42,37,33,21,183,InvertedTriangle
43,38,37,22,183,InvertedTriangle
46,40,40,20,161,InvertedTriangle
37,36,38,17,180,Rectangle
38,36,39,16,154,Rectangle
41,35,43,18,170,Hourglass
34,30,44,17,174,Pear
37,32,48,16,161,Pear
46,42,38,20,167,InvertedTriangle
39,32,37,18,185,Hourglass
42,39,34,23,166,InvertedTriangle
37,34,38,16,163,Rectangle
38,35,29,22,174,InvertedTriangle
42,41,41,18,184,Apple
32,30,43,18,152,Pear
44,39,36,23,179,InvertedTriangle
41,39,39,20,182,Apple
39,38,36,18,153,Apple
34,33,34,19,168,Rectangle
45,41,38,24,185,InvertedTriangle
38,35,37,18,152,Rectangle
38,33,31,20,185,InvertedTriangle
36,34,36,16,172,Rectangle
35,26,33,16,158,Hourglass
42,34,43,17,181,Hourglass
36,28,37,17,179,Hourglass
36,36,33,19,153,Apple
39,35,30,20,175,InvertedTriangle
38,38,36,20,160,Apple
43,41,41,18,161,Apple
39,38,41,17,174,Rectangle
39,33,32,24,157,InvertedTriangle
41,36,35,20,183,InvertedTriangle
37,34,46,16,164,Pear
36,33,47,16,156,Pear
39,37,37,18,183,Apple
35,26,33,19,169,Hourglass
35,32,35,18,161,Rectangle
34,32,45,18,175,Pear
40,36,32,24,174,InvertedTriangle
40,37,40,17,183,Rectangle
39,33,38,18,171,Hourglass
39,37,41,19,161,Rectangle
36,28,35,17,153,Hourglass
44,38,35,22,166,InvertedTriangle
39,37,38,18,151,Apple
38,35,48,16,159,Pear
36,35,35,17,178,Apple
40,30,42,17,171,Hourglass
38,34,31,24,158,InvertedTriangle
38,37,37,19,168,Rectangle
38,37,38,18,183,Rectangle
36,34,42,15,167,Pear
40,34,40,16,152,Hourglass
36,34,46,15,166,Pear
39,38,40,18,173,Rectangle
41,37,32,20,178,InvertedTriangle
37,32,43,17,155,Pear
36,33,36,17,153,Rectangle
40,34,39,18,180,Hourglass
37,29,37,17,164,Hourglass
35,28,37,18,169,Hourglass
34,32,33,18,152,Rectangle
33,29,44,16,158,Pear
37,34,44,18,182,Pear
45,42,36,22,158,InvertedTriangle
38,36,40,16,173,Rectangle
35,27,33,16,183,Hourglass
39,30,39,19,171,Hourglass
38,36,48,15,173,Pear
35,33,34,19,173,Rectangle
37,36,35,17,166,Apple
40,37,42,17,160,Rectangle
35,34,34,17,181,Rectangle
38,38,37,18,155,Apple
35,33,44,17,182,Pear
38,36,38,17,152,Rectangle
37,33,47,17,152,Pear
35,33,36,19,184,Rectangle
43,41,42,20,170,Apple
41,35,33,20,172,InvertedTriangle
40,32,42,17,179,Hourglass
40,39,42,19,157,Rectangle
38,34,49,15,169,Pear
37,35,34,18,156,Apple
39,33,32,23,151,InvertedTriangle
35,34,37,16,158,Rectangle
35,31,41,15,160,Pear
38,33,29,24,182,InvertedTriangle
39,39,38,19,163,Apple
39,38,36,19,167,Apple
34,32,36,19,177,Rectangle
34,31,33,18,181,Rectangle
40,37,30,22,172,InvertedTriangle
35,29,36,19,170,Hourglass
42,37,36,24,171,InvertedTriangle
40,38,37,19,157,Apple
43,40,34,20,158,InvertedTriangle
40,39,42,16,175,Rectangle
38,32,33,23,167,InvertedTriangle
42,33,42,16,174,Hourglass
41,40,38,17,184,Apple
37,36,39,18,156,Rectangle
38,37,39,18,164,Rectangle
37,33,44,17,158,Pear
41,40,38,20,168,Apple
38,35,31,24,172,InvertedTriangle
35,28,34,19,159,Hourglass
40,39,42,16,165,Rectangle
46,41,37,24,181,InvertedTriangle
38,33,50,18,185,Pear
39,31,41,19,172,Hourglass
42,33,41,16,172,Hourglass
44,44,42,17,151,Apple
42,41,40,19,153,Apple
42,33,44,17,178,Hourglass
32,28,44,18,183,Pear
35,32,36,17,182,Rectangle
40,36,33,21,151,InvertedTriangle
38,35,40,18,173,Rectangle
34,30,42,15,150,Pear
34,30,41,18,165,Pear
44,43,42,18,176,Apple
40,39,39,17,175,Rectangle
42,32,42,16,182,Hourglass
39,29,41,18,181,Hourglass
38,31,36,16,165,Hourglass
44,43,41,19,153,Apple
42,37,37,22,156,InvertedTriangle
36,33,43,18,153,Pear
41,40,40,18,185,Apple
42,36,44,18,180,Hourglass
38,36,37,18,151,Apple
37,34,39,16,167,Rectangle
37,35,38,19,159,Rectangle
33,29,45,18,181,Pear
38,34,33,21,168,InvertedTriangle
40,38,41,16,173,Rectangle
43,37,38,24,153,InvertedTriangle
35,26,35,17,152,Hourglass
44,44,41,20,168,Apple
39,29,37,19,165,Hourglass
39,38,38,17,166,Apple
42,42,41,18,150,Apple
39,39,36,19,177,Apple
38,35,44,17,180,Pear
34,31,36,18,182,Rectangle
35,32,35,17,169,Rectangle
46,40,39,23,170,InvertedTriangle
35,33,45,18,160,Pear
46,41,36,23,150,InvertedTriangle
32,30,43,15,178,Pear
37,30,38,16,163,Hourglass
44,43,41,17,181,Apple
42,36,32,24,161,InvertedTriangle
39,33,39,18,167,Hourglass
43,41,42,20,156,Apple
40,37,39,18,154,Rectangle
38,28,36,18,170,Hourglass
34,31,41,18,156,Pear
36,34,35,17,185,Apple
35,34,37,19,180,Rectangle
43,39,38,24,153,InvertedTriangle
43,38,35,23,154,InvertedTriangle
33,30,40,15,155,Pear
38,37,37,19,171,Rectangle
42,32,42,18,175,Hourglass
38,34,31,21,185,InvertedTriangle
37,35,34,17,167,Apple
35,33,44,15,168,Pear
38,37,37,20,165,Apple
37,34,45,15,173,Pear
42,32,42,18,169,Hourglass
44,39,36,24,151,InvertedTriangle
40,37,39,16,167,Rectangle
36,28,34,17,155,Hourglass
37,35,37,17,166,Rectangle
36,27,35,17,180,Hourglass
36,28,38,19,171,Hourglass
39,30,38,17,171,Hourglass
36,33,38,16,166,Rectangle
43,40,36,21,166,InvertedTriangle
38,37,36,17,185,Apple
34,32,43,17,164,Pear
34,26,35,19,158,Hourglass
42,41,41,20,179,Apple
34,28,34,16,163,Hourglass
41,36,32,24,170,InvertedTriangle
38,36,37,16,175,Rectangle
35,33,36,17,153,Rectangle
33,29,45,17,153,Pear
37,31,37,17,185,Hourglass
37,35,39,18,172,Rectangle
37,27,38,18,168,Hourglass
40,39,39,18,158,Apple
38,35,40,18,177,Rectangle
43,39,35,21,166,InvertedTriangle
39,36,33,23,182,InvertedTriangle
39,33,29,24,170,InvertedTriangle
33,31,45,18,172,Pear
36,29,37,16,173,Hourglass
35,31,46,15,174,Pear
40,38,37,18,162,Apple
42,34,40,17,165,Hourglass
37,28,39,19,153,Hourglass
40,39,39,16,155,Rectangle
38,28,40,19,162,Hourglass
45,39,37,23,169,InvertedTriangle
35,25,34,18,155,Hourglass
44,38,36,23,184,InvertedTriangle
39,36,41,17,159,Rectangle
39,36,34,21,158,InvertedTriangle
36,33,35,16,181,Rectangle
46,43,40,21,182,InvertedTriangle
35,29,37,16,177,Hourglass
40,37,40,16,158,Rectangle
38,34,31,22,155,InvertedTriangle
40,31,41,19,155,Hourglass
39,37,38,18,178,Apple
42,36,34,20,181,InvertedTriangle
41,40,40,18,185,Apple
40,33,41,17,166,Hourglass
36,35,35,17,175,Apple
34,28,32,19,180,Hourglass
40,39,38,20,184,Apple
41,41,38,18,157,Apple
39,36,40,17,167,Rectangle
42,38,33,22,163,InvertedTriangle
36,32,46,15,176,Pear
32,27,43,18,151,Pear
39,36,30,21,163,InvertedTriangle
36,31,42,15,152,Pear
34,26,35,18,173,Hourglass
35,31,44,18,174,Pear
38,36,39,17,174,Rectangle
32,30,43,16,154,Pear
45,42,35,21,150,InvertedTriangle
45,39,38,20,150,InvertedTriangle
37,36,36,16,168,Rectangle
38,38,35,19,152,Apple
40,39,39,20,170,Apple
32,27,40,15,171,Pear
37,27,36,17,183,Hourglass
37,35,35,18,159,Apple
32,29,39,17,175,Pear
37,28,38,16,152,Hourglass
34,26,36,17,169,Hourglass
41,34,41,17,185,Hourglass
41,38,32,20,157,InvertedTriangle
41,41,40,19,180,Apple
34,32,34,16,160,Rectangle
39,35,33,21,177,InvertedTriangle
38,37,36,18,157,Apple
33,29,44,16,154,Pear
36,30,35,17,156,Hourglass
36,33,47,16,171,Pear
38,35,47,17,163,Pear
36,32,48,17,160,Pear
45,39,38,20,176,InvertedTriangle
34,32,41,15,172,Pear
38,37,37,17,170,Rectangle
41,40,40,20,165,Apple
39,33,41,18,150,Hourglass
44,42,42,18,154,Apple
44,39,38,24,153,InvertedTriangle
44,43,42,17,159,Apple
34,30,45,16,172,Pear
38,36,36,19,184,Apple
38,36,39,17,175,Rectangle
39,36,38,17,169,Rectangle
42,40,40,19,164,Apple
44,42,42,19,154,Apple
35,34,36,19,166,Rectangle
40,37,42,19,154,Rectangle
42,34,40,18,167,Hourglass
33,31,39,17,156,Pear
34,31,43,15,174,Pear
37,35,46,15,157,Pear
37,31,39,16,165,Hourglass
40,33,39,18,185,Hourglass
39,34,30,21,167,InvertedTriangle
40,38,39,16,151,Rectangle
42,39,37,22,182,InvertedTriangle
41,31,39,17,159,Hourglass
35,33,34,17,178,Rectangle
32,29,39,16,178,Pear
39,38,41,17,175,Rectangle
38,32,38,19,165,Hourglass
37,31,36,16,183,Hourglass
37,31,38,16,154,Hourglass
43,41,41,19,165,Apple
43,38,36,21,155,InvertedTriangle
36,32,46,15,185,Pear
39,37,37,19,163,Apple
46,43,37,21,178,InvertedTriangle
38,37,37,16,168,Rectangle
35,33,46,15,164,Pear
35,29,36,17,168,Hourglass
43,43,40,20,153,Apple
41,36,31,21,159,InvertedTriangle
34,31,36,17,180,Rectangle
34,31,36,17,152,Rectangle
46,43,41,22,154,InvertedTriangle
39,33,34,24,181,InvertedTriangle
40,38,38,18,167,Apple
34,24,34,17,176,Hourglass
36,31,44,16,161,Pear
42,36,37,22,155,InvertedTriangle
32,30,44,15,157,Pear
36,34,34,17,172,Apple
38,28,37,19,176,Hourglass
39,31,37,16,172,Hourglass
44,38,34,22,177,InvertedTriangle
37,33,44,16,179,Pear
41,32,39,18,163,Hourglass
40,36,33,24,177,InvertedTriangle
38,36,50,18,183,Pear
37,37,36,20,173,Apple
42,41,40,19,169,Apple
39,38,38,18,172,Apple
34,33,35,19,150,Rectangle
42,33,43,18,166,Hourglass
45,40,37,24,157,InvertedTriangle
38,34,47,15,150,Pear
36,27,35,16,156,Hourglass
37,36,34,18,185,Apple
34,31,35,16,160,Rectangle
37,35,38,18,171,Rectangle
40,34,35,20,150,InvertedTriangle
38,36,39,16,157,Rectangle
36,29,37,19,171,Hourglass
39,37,37,18,177,Apple
41,35,33,22,183,InvertedTriangle
46,41,39,23,175,InvertedTriangle
34,32,33,19,180,Rectangle
42,36,43,16,158,Hourglass
40,39,37,17,180,Apple
37,35,36,17,185,Apple
38,35,29,24,185,InvertedTriangle
45,41,38,23,156,InvertedTriangle
38,38,35,19,184,Apple
42,42,39,17,152,Apple
43,41,40,19,151,Apple
39,37,41,19,157,Rectangle
39,39,36,19,174,Apple
43,39,38,24,168,InvertedTriangle
36,35,33,19,182,Apple
42,42,41,18,151,Apple
39,36,31,23,179,InvertedTriangle
36,35,33,18,173,Apple
38,36,35,17,168,Apple
39,37,39,16,164,Rectangle
37,28,36,18,153,Hourglass
34,32,44,17,179,Pear
45,40,36,20,160,InvertedTriangle
44,43,43,20,168,Apple
36,34,44,16,185,Pear
33,29,43,18,180,Pear
45,40,39,22,174,InvertedTriangle
46,43,41,20,179,InvertedTriangle
34,24,35,18,161,Hourglass
40,38,41,19,153,Rectangle
36,33,42,16,178,Pear
34,29,45,15,174,Pear
44,44,43,19,160,Apple
36,34,35,19,166,Rectangle
38,34,49,15,165,Pear
39,39,38,17,157,Apple
37,37,35,20,155,Apple
44,39,37,24,161,InvertedTriangle
38,36,36,20,161,Apple
35,25,33,17,153,Hourglass
44,42,41,20,168,Apple
44,43,43,17,168,Apple
39,33,39,16,172,Hourglass
45,40,39,20,173,InvertedTriangle
34,31,33,18,163,Rectangle
46,41,41,21,150,InvertedTriangle
37,31,36,17,165,Hourglass
45,42,36,21,178,InvertedTriangle
33,31,43,18,161,Pear
39,39,38,19,172,Apple
36,33,45,18,180,Pear
43,37,33,22,167,InvertedTriangle
41,35,39,18,170,Hourglass
41,40,38,20,160,Apple
38,32,39,18,152,Hourglass
38,35,39,16,177,Rectangle
44,42,41,18,176,Apple
32,27,43,18,153,Pear
38,33,44,17,174,Pear
38,29,36,17,180,Hourglass
34,31,45,17,173,Pear
33,29,44,17,158,Pear
34,28,32,18,179,Hourglass
39,33,33,22,155,InvertedTriangle
35,34,36,16,161,Rectangle
34,31,45,16,181,Pear
32,27,43,16,153,Pear
32,29,43,17,171,Pear
39,37,40,16,167,Rectangle
39,39,36,20,168,Apple
40,37,40,16,176,Rectangle
34,26,32,16,152,Hourglass
38,34,48,16,171,Pear
45,41,38,24,184,InvertedTriangle
35,32,43,17,171,Pear
39,38,39,17,174,Rectangle
40,37,32,20,173,InvertedTriangle
41,41,40,20,169,Apple
42,34,42,16,181,Hourglass
38,36,47,18,155,Pear
41,34,40,18,174,Hourglass
40,37,34,24,155,InvertedTriangle
41,31,42,16,164,Hourglass
44,39,37,21,166,InvertedTriangle
40,38,39,17,174,Rectangle
37,29,39,19,151,Hourglass
42,42,39,17,167,Apple
38,38,37,17,185,Apple
40,31,38,19,150,Hourglass
41,41,40,18,175,Apple
46,42,40,22,164,InvertedTriangle
34,33,35,17,168,Rectangle
39,36,41,17,170,Rectangle
42,36,33,21,163,InvertedTriangle
36,34,42,15,151,Pear
40,38,38,19,171,Apple
43,43,40,18,168,Apple
34,33,33,18,167,Rectangle
38,29,37,18,174,Hourglass
36,33,42,17,157,Pear
38,31,40,17,173,Hourglass
35,31,44,17,160,Pear
37,35,36,18,157,Rectangle
34,30,43,18,182,Pear
41,37,32,20,168,InvertedTriangle
39,33,39,17,169,Hourglass
39,33,34,21,177,InvertedTriangle
35,33,36,19,150,Rectangle
36,34,35,18,161,Apple
39,36,39,16,170,Rectangle
40,32,41,17,158,Hourglass
32,29,44,15,158,Pear
39,31,40,17,161,Hourglass
36,35,38,18,170,Rectangle
37,35,39,18,169,Rectangle
42,36,37,23,180,InvertedTriangle
40,35,34,20,181,InvertedTriangle
40,37,34,24,154,InvertedTriangle
41,38,32,24,177,InvertedTriangle
40,34,34,22,184,InvertedTriangle
38,35,30,22,152,InvertedTriangle
38,32,32,24,183,InvertedTriangle
43,39,33,21,169,InvertedTriangle
37,34,37,19,167,Rectangle
33,28,40,15,151,Pear
36,31,45,15,154,Pear
33,29,42,16,166,Pear
36,35,36,17,156,Rectangle
38,30,40,17,176,Hourglass
41,32,41,18,170,Hourglass
35,32,35,19,162,Rectangle
38,29,37,16,155,Hourglass
38,29,38,19,181,Hourglass
41,37,35,20,181,InvertedTriangle
40,37,33,24,181,InvertedTriangle
36,35,38,16,174,Rectangle
46,43,40,23,165,InvertedTriangle
37,33,43,18,181,Pear
34,32,35,19,163,Rectangle
36,28,35,17,171,Hourglass
42,38,33,22,174,InvertedTriangle
36,30,35,17,159,Hourglass
39,34,31,23,182,InvertedTriangle
33,29,40,16,171,Pear
34,25,35,18,152,Hourglass
37,33,46,15,168,Pear
36,34,35,17,154,Rectangle
40,36,34,20,168,InvertedTriangle
45,40,40,20,158,InvertedTriangle
35,34,35,19,166,Rectangle
36,35,35,18,184,Apple
42,39,33,24,181,InvertedTriangle
44,43,42,17,164,Apple
37,33,46,17,158,Pear
42,36,32,24,184,InvertedTriangle
35,32,36,19,177,Rectangle
35,28,36,17,175,Hourglass
35,30,41,18,175,Pear
38,35,38,19,167,Rectangle
38,32,40,19,171,Hourglass
35,25,33,16,164,Hourglass
36,32,46,17,156,Pear
39,33,39,18,184,Hourglass
35,34,37,16,166,Rectangle
41,35,40,18,153,Hourglass
37,34,49,18,152,Pear
37,35,36,17,155,Apple
37,34,43,18,180,Pear
33,30,42,17,166,Pear
39,36,39,17,183,Rectangle
38,36,47,16,163,Pear
39,29,39,18,163,Hourglass
43,41,40,18,152,Apple
34,32,41,18,173,Pear
39,35,34,22,175,InvertedTriangle
36,27,34,16,183,Hourglass
37,35,36,18,169,Apple
46,41,36,21,150,InvertedTriangle
34,32,35,18,176,Rectangle
42,32,42,17,168,Hourglass
38,28,38,16,150,Hourglass
37,37,35,17,164,Apple
39,38,40,18,165,Rectangle
39,36,40,18,183,Rectangle
38,34,31,21,152,InvertedTriangle
39,39,37,17,180,Apple
41,40,38,17,181,Apple
36,34,34,20,155,Apple
35,33,43,18,151,Pear
42,32,44,18,151,Hourglass
33,28,40,16,161,Pear
41,38,36,22,156,InvertedTriangle
37,36,37,17,182,Rectangle
34,27,33,19,180,Hourglass
42,37,34,23,173,InvertedTriangle
42,37,32,24,167,InvertedTriangle
42,40,41,18,150,Apple
40,30,39,19,162,Hourglass
40,40,38,19,168,Apple
40,30,42,17,160,Hourglass
36,27,38,19,180,Hourglass
40,37,31,21,165,InvertedTriangle
42,39,35,24,158,InvertedTriangle
43,39,33,23,161,InvertedTriangle
40,30,41,18,155,Hourglass
46,40,36,22,170,InvertedTriangle
44,44,43,18,166,Apple
40,40,39,18,160,Apple
42,36,44,18,170,Hourglass
36,35,34,20,181,Apple
34,28,34,18,152,Hourglass
43,43,41,20,163,Apple
36,33,44,15,166,Pear
36,36,33,18,180,Apple
44,38,34,23,155,InvertedTriangle
36,27,35,18,161,Hourglass
44,40,37,21,166,InvertedTriangle
37,35,36,17,157,Apple
34,32,33,18,172,Rectangle
34,25,35,16,153,Hourglass
46,40,39,20,183,InvertedTriangle
35,32,45,15,156,Pear
46,41,40,22,185,InvertedTriangle
37,35,39,16,184,Rectangle
40,36,35,21,151,InvertedTriangle
39,35,31,24,153,InvertedTriangle
37,36,34,18,169,Apple
38,35,30,21,166,InvertedTriangle
37,30,37,17,153,Hourglass
34,32,42,18,185,Pear
35,32,45,17,150,Pear
38,35,37,19,179,Rectangle
40,38,38,17,169,Apple
41,32,43,19,158,Hourglass
39,29,41,19,172,Hourglass
38,33,30,21,171,InvertedTriangle
35,34,35,18,159,Rectangle
38,36,35,20,151,Apple
42,37,32,22,150,InvertedTriangle
42,33,42,18,165,Hourglass
38,38,35,17,157,Apple
37,34,36,16,181,Rectangle
46,43,38,23,172,InvertedTriangle
43,38,38,23,157,InvertedTriangle
43,40,35,21,168,InvertedTriangle
38,36,49,15,175,Pear
36,36,35,17,165,Apple
38,35,38,19,183,Rectangle
36,35,34,18,163,Apple
40,33,40,17,183,Hourglass
42,37,32,23,156,InvertedTriangle
36,32,46,17,158,Pear
41,34,40,19,168,Hourglass
38,37,40,16,152,Rectangle
42,42,40,17,160,Apple
46,43,41,23,157,InvertedTriangle
46,42,36,20,167,InvertedTriangle
36,36,34,18,150,Apple
39,36,41,16,179,Rectangle
37,37,34,17,179,Apple
36,28,38,17,180,Hourglass
36,34,34,17,184,Apple
34,27,35,17,157,Hourglass
46,43,40,23,169,InvertedTriangle
36,34,46,17,169,Pear
41,41,38,17,175,Apple
34,25,36,19,173,Hourglass
37,32,45,17,161,Pear
41,36,35,23,160,InvertedTriangle
38,36,36,18,180,Apple
38,36,39,17,150,Rectangle
39,34,30,20,159,InvertedTriangle
42,36,37,21,163,InvertedTriangle
34,24,36,19,177,Hourglass
33,28,44,18,178,Pear
35,30,43,15,161,Pear
40,38,37,18,177,Apple
39,34,30,24,170,InvertedTriangle
33,30,39,17,180,Pear
38,37,37,20,154,Apple
42,41,39,18,170,Apple
40,38,40,16,151,Rectangle
32,30,41,17,164,Pear
36,36,35,17,176,Apple
36,35,38,19,168,Rectangle
32,27,43,15,163,Pear
45,42,38,22,150,InvertedTriangle
44,44,41,19,152,Apple
38,29,37,18,157,Hourglass
42,40,41,18,176,Apple
34,31,36,17,150,Rectangle
38,32,38,16,164,Hourglass
41,34,39,17,171,Hourglass
33,30,45,15,185,Pear
34,32,35,18,164,Rectangle
42,39,37,20,156,InvertedTriangle
35,31,46,16,182,Pear
42,42,40,17,157,Apple
37,27,36,17,154,Hourglass
42,40,40,18,154,Apple
42,40,39,20,167,Apple
35,33,35,16,153,Rectangle
42,33,43,19,175,Hourglass
35,33,44,16,162,Pear
40,34,30,23,165,InvertedTriangle
41,40,39,18,178,Apple
40,37,35,21,165,InvertedTriangle
38,30,37,16,163,Hourglass
44,43,43,19,158,Apple
41,39,39,20,180,Apple
38,37,37,18,177,Rectangle
40,37,41,18,181,Rectangle
42,38,37,23,158,InvertedTriangle
40,37,41,17,168,Rectangle
40,34,40,16,159,Hourglass
34,32,34,18,160,Rectangle
33,30,39,15,167,Pear
37,35,36,16,174,Rectangle
44,42,41,20,170,Apple
39,38,36,18,170,Apple
40,36,35,20,182,InvertedTriangle
42,37,32,22,181,InvertedTriangle
40,31,38,18,158,Hourglass
35,32,37,18,157,Rectangle
38,36,36,20,179,Apple
43,42,40,18,162,Apple
41,34,39,17,158,Hourglass
42,42,41,17,180,Apple
45,42,38,22,178,InvertedTriangle
39,36,29,20,156,InvertedTriangle
43,37,35,24,181,InvertedTriangle
41,31,42,17,155,Hourglass
39,38,38,17,183,Apple
36,31,43,17,165,Pear
38,35,29,23,156,InvertedTriangle
46,42,38,20,151,InvertedTriangle
37,34,45,15,152,Pear
41,36,36,22,184,InvertedTriangle
43,39,36,22,166,InvertedTriangle
36,35,33,20,162,Apple
35,26,37,16,177,Hourglass
35,25,34,17,176,Hourglass
41,40,40,20,180,Apple
40,38,39,19,166,Apple
33,30,40,15,185,Pear
38,34,48,18,156,Pear
37,31,38,19,174,Hourglass
39,38,39,16,155,Rectangle
39,38,39,16,179,Rectangle
37,32,49,16,176,Pear
38,37,37,19,179,Rectangle
46,41,36,22,160,InvertedTriangle
44,42,41,20,181,Apple
36,32,47,17,175,Pear
39,33,40,19,150,Hourglass
38,33,29,24,167,InvertedTriangle
34,30,41,16,180,Pear
41,41,38,20,182,Apple
34,32,34,17,176,Rectangle
42,32,43,19,152,Hourglass
40,37,39,18,174,Rectangle
34,33,35,19,169,Rectangle
37,37,35,18,178,Apple
46,40,37,24,160,InvertedTriangle
33,28,40,15,168,Pear
43,40,33,22,179,InvertedTriangle
40,37,41,19,161,Rectangle
38,37,37,17,181,Apple
40,31,40,16,150,Hourglass
45,39,35,24,172,InvertedTriangle
35,32,37,19,179,Rectangle
37,34,37,16,178,Rectangle
38,29,40,19,177,Hourglass
34,31,34,19,182,Rectangle
38,35,37,16,184,Rectangle
43,37,36,22,158,InvertedTriangle
41,39,39,20,166,Apple
43,41,40,19,175,Apple
38,32,38,18,184,Hourglass
38,34,30,22,177,InvertedTriangle
35,32,34,19,185,Rectangle
41,31,39,18,174,Hourglass
37,37,35,20,165,Apple
41,40,40,17,170,Apple
34,32,36,17,164,Rectangle
42,33,44,17,151,Hourglass
37,30,37,16,163,Hourglass
38,36,35,18,175,Apple
38,35,49,16,154,Pear
37,31,37,18,174,Hourglass
37,36,38,18,185,Rectangle
38,31,37,18,159,Hourglass
40,35,34,21,171,InvertedTriangle
38,36,37,19,150,Apple
46,41,37,22,165,InvertedTriangle
38,36,35,17,161,Apple
42,41,40,18,160,Apple
35,34,34,17,158,Rectangle
37,33,44,15,154,Pear
37,34,37,19,150,Rectangle
37,30,36,17,154,Hourglass
37,35,45,15,150,Pear
41,38,32,23,177,InvertedTriangle
45,39,40,21,164,InvertedTriangle
39,39,37,17,158,Apple
38,35,46,15,154,Pear
43,38,34,20,178,InvertedTriangle
43,42,40,19,184,Apple
38,36,38,18,168,Rectangle
41,38,36,23,159,InvertedTriangle
41,35,34,22,180,InvertedTriangle
35,33,36,18,152,Rectangle
41,35,34,23,177,InvertedTriangle
40,40,37,20,181,Apple
44,40,38,20,152,InvertedTriangle
39,36,39,19,155,Rectangle
43,40,35,20,167,InvertedTriangle
43,38,37,24,157,InvertedTriangle
37,36,38,16,177,Rectangle
38,30,38,18,182,Hourglass
33,30,43,17,154,Pear
40,34,31,23,156,InvertedTriangle
37,36,36,17,176,Apple
32,29,38,16,153,Pear
32,29,44,17,161,Pear
43,39,36,22,163,InvertedTriangle
40,40,38,19,182,Apple
41,35,40,16,184,Hourglass
36,29,34,16,184,Hourglass
38,38,35,17,152,Apple
32,28,41,18,155,Pear
42,33,43,16,155,Hourglass
38,36,37,18,162,Apple
38,30,40,19,185,Hourglass
41,40,40,19,155,Apple
39,36,39,18,171,Rectangle
46,43,39,22,156,InvertedTriangle
39,36,38,16,156,Rectangle
38,34,49,15,172,Pear
37,36,38,17,162,Rectangle
38,35,45,18,168,Pear
32,27,42,17,160,Pear
38,37,38,18,179,Rectangle
32,27,44,16,176,Pear
34,30,46,18,167,Pear
39,36,40,16,164,Rectangle
34,31,40,18,182,Pear
36,34,33,18,184,Apple
38,36,36,20,162,Apple
34,30,45,18,175,Pear
34,30,42,17,170,Pear
43,42,41,19,167,Apple
38,33,30,24,182,InvertedTriangle
39,34,33,24,159,InvertedTriangle
37,36,34,20,185,Apple
33,28,41,17,176,Pear
34,31,42,17,171,Pear
38,33,45,18,179,Pear
39,35,33,24,185,InvertedTriangle
37,36,39,16,174,Rectangle
43,40,34,23,179,InvertedTriangle
41,38,36,21,172,InvertedTriangle
42,32,43,19,164,Hourglass
45,40,38,21,161,InvertedTriangle
42,38,35,23,183,InvertedTriangle
42,35,44,19,150,Hourglass
39,36,39,16,168,Rectangle
32,29,42,15,178,Pear
46,41,41,24,155,InvertedTriangle
39,36,34,20,180,InvertedTriangle
44,43,42,19,180,Apple
46,40,40,21,161,InvertedTriangle
36,33,47,15,173,Pear
33,29,44,18,154,Pear
37,34,46,16,174,Pear
45,41,39,24,152,InvertedTriangle
38,33,30,23,176,InvertedTriangle
42,39,36,21,179,InvertedTriangle
35,33,37,16,178,Rectangle
43,43,41,17,159,Apple
39,34,34,24,165,InvertedTriangle
39,31,37,16,185,Hourglass
46,43,39,20,182,InvertedTriangle
41,41,38,18,181,Apple
37,35,36,20,161,Apple
43,41,40,17,152,Apple
36,34,35,18,154,Rectangle
38,37,35,17,150,Apple
36,35,38,19,179,Rectangle
33,30,44,16,184,Pear
40,37,39,19,150,Rectangle
35,33,37,18,169,Rectangle
39,39,38,18,171,Apple
37,36,38,18,184,Rectangle
44,42,41,18,179,Apple
37,36,36,17,160,Apple
37,28,38,16,166,Hourglass
40,37,42,17,162,Rectangle
35,27,35,17,155,Hourglass
36,34,47,15,181,Pear
35,33,34,18,174,Rectangle
38,38,35,20,159,Apple
36,34,35,19,160,Rectangle
42,35,43,16,151,Hourglass
37,37,36,17,153,Apple
41,32,40,17,166,Hourglass
41,32,41,19,161,Hourglass
43,37,33,24,182,InvertedTriangle
38,28,39,19,153,Hourglass
34,32,33,19,151,Rectangle
38,32,36,18,157,Hourglass
40,31,39,17,163,Hourglass
45,41,37,22,175,InvertedTriangle
38,34,33,23,152,InvertedTriangle
40,37,42,19,168,Rectangle
35,30,45,17,154,Pear
42,39,37,21,160,InvertedTriangle
38,38,37,20,158,Apple
39,39,38,19,150,Apple
36,36,33,18,150,Apple
34,30,42,15,165,Pear
39,31,37,19,161,Hourglass
39,36,32,23,181,InvertedTriangle
43,42,40,19,181,Apple
41,36,36,20,181,InvertedTriangle
33,31,41,16,180,Pear
34,32,34,18,163,Rectangle
38,35,39,17,176,Rectangle
38,37,39,19,174,Rectangle
34,32,33,17,168,Rectangle
39,35,29,20,176,InvertedTriangle
32,30,44,15,150,Pear
44,40,37,24,162,InvertedTriangle
32,28,43,16,169,Pear
40,40,37,20,182,Apple
45,40,40,24,155,InvertedTriangle
46,41,40,20,154,InvertedTriangle
43,42,40,19,154,Apple
32,29,41,17,163,Pear
44,39,39,24,183,InvertedTriangle
37,35,36,20,154,Apple
35,34,35,18,179,Rectangle
43,37,33,22,164,InvertedTriangle
38,34,50,18,182,Pear
38,34,50,17,160,Pear
33,28,39,18,164,Pear
38,37,37,16,182,Rectangle
37,34,38,19,175,Rectangle
43,42,41,17,150,Apple
39,29,38,18,157,Hourglass
36,36,33,18,157,Apple
41,38,33,23,165,InvertedTriangle
41,41,38,18,181,Apple
42,32,42,16,153,Hourglass
42,36,40,19,159,Hourglass
42,38,34,22,167,InvertedTriangle
43,37,34,24,153,InvertedTriangle
36,33,35,16,159,Rectangle
39,37,41,16,158,Rectangle
40,32,40,19,184,Hourglass
39,32,41,17,181,Hourglass
35,33,36,18,173,Rectangle
42,42,39,18,164,Apple
38,38,37,20,162,Apple
38,36,37,19,161,Rectangle
41,37,32,24,168,InvertedTriangle
38,36,47,17,153,Pear
40,39,38,20,171,Apple
38,36,38,16,163,Rectangle
41,41,38,18,151,Apple
40,35,33,21,180,InvertedTriangle
44,41,38,23,158,InvertedTriangle
39,31,40,16,153,Hourglass
34,31,34,19,155,Rectangle
38,35,28,23,168,InvertedTriangle
45,39,37,22,164,InvertedTriangle
40,30,39,18,155,Hourglass
36,34,38,19,183,Rectangle
34,33,35,16,152,Rectangle
37,36,36,19,184,Apple
46,42,36,21,166,InvertedTriangle
42,41,40,20,162,Apple
36,27,37,18,151,Hourglass
36,28,35,19,152,Hourglass
38,33,30,21,174,InvertedTriangle
37,37,35,19,175,Apple
39,39,36,19,166,Apple
38,34,45,16,163,Pear
35,34,35,16,150,Rectangle
36,34,36,18,158,Rectangle
36,30,36,16,170,Hourglass
46,43,39,21,159,InvertedTriangle
38,38,37,18,165,Apple
34,32,40,17,158,Pear
41,40,39,20,151,Apple
36,36,33,18,183,Apple
34,24,33,16,166,Hourglass
40,33,42,17,152,Hourglass
40,37,34,20,155,InvertedTriangle
35,34,34,16,157,Rectangle
36,33,37,17,176,Rectangle
32,30,41,17,154,Pear
40,35,33,21,150,InvertedTriangle
40,32,38,19,171,Hourglass
40,36,33,23,159,InvertedTriangle
40,34,42,16,180,Hourglass
43,37,35,24,175,InvertedTriangle
44,44,42,20,157,Apple
34,31,36,18,182,Rectangle
37,31,38,19,174,Hourglass
38,38,35,17,184,Apple
38,35,37,19,156,Rectangle
34,31,46,18,171,Pear
44,39,34,24,176,InvertedTriangle
39,38,40,16,170,Rectangle
42,40,41,18,166,Apple
35,29,33,17,178,Hourglass
43,41,41,17,160,Apple
44,42,43,18,168,Apple
34,33,33,19,153,Rectangle
38,36,44,16,157,Pear
34,31,36,17,177,Rectangle
41,39,40,20,181,Apple
39,33,31,20,177,InvertedTriangle
35,31,42,18,168,Pear
45,41,39,24,160,InvertedTriangle
40,38,37,20,165,Apple
40,39,41,16,177,Rectangle
40,30,40,18,172,Hourglass
40,40,39,19,178,Apple
38,38,36,18,158,Apple
40,32,39,19,163,Hourglass
35,32,36,18,173,Rectangle
44,44,41,17,165,Apple
34,32,45,17,183,Pear
45,40,37,23,181,InvertedTriangle
39,36,30,21,181,InvertedTriangle
38,37,37,20,161,Apple
37,27,38,19,151,Hourglass
40,39,42,18,176,Rectangle
36,26,34,19,176,Hourglass
34,25,33,16,169,Hourglass
41,33,39,18,150,Hourglass
34,25,36,16,172,Hourglass
37,35,36,19,168,Rectangle
36,33,45,18,182,Pear
38,37,37,19,179,Apple
35,30,43,17,165,Pear
38,32,33,20,181,InvertedTriangle
41,35,33,20,174,InvertedTriangle
40,37,40,19,174,Rectangle
35,31,41,15,163,Pear
38,37,39,18,163,Rectangle
37,36,37,17,171,Rectangle
43,40,36,24,155,InvertedTriangle
36,34,35,17,177,Apple
37,35,44,17,183,Pear
39,29,40,16,156,Hourglass
43,38,34,21,180,InvertedTriangle
38,34,48,18,182,Pear
42,32,42,19,153,Hourglass
39,37,38,20,155,Apple
35,26,35,17,164,Hourglass
35,33,36,17,152,Rectangle
44,38,35,22,182,InvertedTriangle
44,44,42,20,184,Apple
37,34,38,17,182,Rectangle
41,41,39,20,153,Apple
38,36,40,19,150,Rectangle
39,38,36,17,175,Apple
42,39,34,21,170,InvertedTriangle
35,31,46,17,159,Pear
36,29,36,16,180,Hourglass
36,33,47,15,179,Pear
38,32,36,18,179,Hourglass
35,29,34,18,171,Hourglass
37,36,38,19,171,Rectangle
36,36,35,20,152,Apple
34,24,35,19,185,Hourglass
34,31,34,17,170,Rectangle
38,36,47,16,158,Pear
35,32,45,15,174,Pear
38,37,37,16,163,Rectangle
41,37,31,20,164,InvertedTriangle
37,27,35,18,176,Hourglass
40,34,32,21,153,InvertedTriangle
34,24,35,18,178,Hourglass
39,39,37,19,178,Apple
41,41,39,20,174,Apple
35,30,42,17,167,Pear
39,39,36,17,172,Apple
38,36,50,15,151,Pear
41,39,38,20,176,Apple
36,29,37,19,182,Hourglass
37,37,34,19,183,Apple
34,32,44,15,166,Pear
39,32,41,18,177,Hourglass
44,38,36,24,179,InvertedTriangle
39,38,36,17,163,Apple
39,32,37,18,180,Hourglass
42,35,40,17,163,Hourglass
36,34,38,17,175,Rectangle
39,38,40,17,177,Rectangle
39,33,32,23,159,InvertedTriangle
41,34,43,17,157,Hourglass
45,40,40,22,174,InvertedTriangle
40,34,42,16,153,Hourglass
37,31,37,18,179,Hourglass
37,37,35,20,165,Apple
39,30,39,17,176,Hourglass
40,32,38,16,176,Hourglass
34,32,33,19,167,Rectangle
42,40,40,17,176,Apple
39,35,33,24,160,InvertedTriangle
39,30,40,17,153,Hourglass
42,39,32,20,169,InvertedTriangle
34,33,35,19,171,Rectangle
45,40,35,20,172,InvertedTriangle
36,33,48,18,177,Pear
41,31,41,19,171,Hourglass
38,35,37,16,167,Rectangle
40,37,32,20,164,InvertedTriangle
36,35,35,18,161,Rectangle
41,34,42,17,156,Hourglass
39,32,37,18,155,Hourglass
37,31,36,19,174,Hourglass
38,28,40,19,181,Hourglass
35,33,35,16,161,Rectangle
40,39,40,16,184,Rectangle
33,30,44,16,155,Pear
44,38,38,22,173,InvertedTriangle
41,33,43,19,155,Hourglass
39,36,38,18,184,Rectangle
34,30,42,17,179,Pear
43,40,37,23,163,InvertedTriangle
42,36,43,19,168,Hourglass
35,32,43,18,169,Pear
40,36,34,23,183,InvertedTriangle
34,33,34,17,162,Rectangle
37,30,37,16,160,Hourglass
40,38,39,19,167,Apple
39,31,41,19,155,Hourglass
34,32,35,16,174,Rectangle
36,27,35,19,173,Hourglass
37,34,37,17,157,Rectangle
32,29,44,18,177,Pear
40,38,41,17,182,Rectangle
37,34,44,18,184,Pear
37,28,37,18,159,Hourglass
37,36,34,20,162,Apple
40,37,35,21,183,InvertedTriangle
34,32,41,17,160,Pear
35,32,41,18,181,Pear
41,36,34,21,161,InvertedTriangle
42,33,42,16,151,Hourglass
41,36,34,23,159,InvertedTriangle
37,35,46,17,177,Pear
33,28,39,17,161,Pear
34,33,35,19,161,Rectangle
34,27,33,18,185,Hourglass
36,35,35,19,185,Apple
36,33,46,15,177,Pear
37,37,34,19,157,Apple
43,41,42,17,176,Apple
34,32,34,19,163,Rectangle
46,40,39,22,182,InvertedTriangle
34,24,33,19,165,Hourglass
38,37,36,18,180,Apple
37,34,36,18,173,Rectangle
43,41,42,20,164,Apple
38,36,40,16,163,Rectangle
32,27,44,18,152,Pear
33,31,39,15,150,Pear
38,36,35,20,174,Apple
43,40,38,24,161,InvertedTriangle
36,34,44,18,150,Pear
43,43,41,20,174,Apple
34,29,43,18,167,Pear
32,30,42,16,151,Pear
32,28,40,17,169,Pear
45,42,38,23,156,InvertedTriangle
38,36,35,18,180,Apple
33,30,45,15,172,Pear
38,29,38,19,179,Hourglass
43,42,41,18,156,Apple
39,33,38,18,182,Hourglass
39,34,29,22,173,InvertedTriangle
36,31,42,16,178,Pear
42,41,40,20,184,Apple
34,31,35,17,182,Rectangle
39,38,39,17,157,Rectangle
37,35,46,18,156,Pear
40,34,35,20,160,InvertedTriangle
40,36,33,24,159,InvertedTriangle
40,37,40,18,155,Rectangle
39,39,37,19,163,Apple
35,26,37,18,174,Hourglass
40,39,37,17,175,Apple
38,36,35,18,185,Apple
40,38,39,17,171,Rectangle
40,38,41,17,170,Rectangle
38,36,45,18,164,Pear
44,41,39,24,160,InvertedTriangle
37,35,36,16,166,Rectangle
41,35,31,22,152,InvertedTriangle
38,35,31,20,154,InvertedTriangle
39,37,38,20,159,Apple
45,42,35,22,165,InvertedTriangle
37,32,49,18,173,Pear
35,31,45,15,158,Pear
35,25,34,17,178,Hourglass
38,36,38,17,155,Rectangle
34,30,40,16,155,Pear
36,28,35,17,157,Hourglass
46,41,37,20,165,InvertedTriangle
42,39,32,23,166,InvertedTriangle
39,34,30,21,151,InvertedTriangle
38,33,30,22,175,InvertedTriangle
35,34,36,17,167,Rectangle
37,34,39,18,150,Rectangle
46,42,40,20,178,InvertedTriangle
41,40,40,17,175,Apple
38,37,37,17,172,Rectangle
39,37,40,18,173,Rectangle
40,35,34,22,180,InvertedTriangle
34,32,34,18,165,Rectangle
38,37,38,17,150,Rectangle
34,32,36,18,183,Rectangle
40,40,38,18,167,Apple
41,32,40,16,163,Hourglass
36,33,37,18,164,Rectangle
42,39,32,23,157,InvertedTriangle
41,32,42,16,156,Hourglass
43,42,40,18,185,Apple
34,33,34,19,163,Rectangle
34,26,36,19,166,Hourglass
40,33,42,17,167,Hourglass
42,40,41,18,183,Apple
42,40,39,19,185,Apple
39,38,38,20,157,Apple
32,30,43,18,176,Pear
38,38,36,17,179,Apple
38,37,36,20,155,Apple
32,29,38,16,184,Pear
44,44,42,17,180,Apple
37,34,47,17,154,Pear
41,38,35,24,177,InvertedTriangle
37,27,38,19,167,Hourglass
41,41,40,19,161,Apple
41,35,31,20,164,InvertedTriangle
40,38,38,18,168,Apple
38,34,46,15,179,Pear
40,40,37,20,160,Apple
40,31,40,17,166,Hourglass
38,35,47,15,177,Pear
34,31,36,19,180,Rectangle
35,28,35,17,180,Hourglass
37,36,38,18,170,Rectangle
38,33,28,21,168,InvertedTriangle
39,33,31,22,156,InvertedTriangle
41,35,39,18,168,Hourglass
36,27,34,17,180,Hourglass
39,36,32,22,153,InvertedTriangle
37,36,35,17,183,Apple
43,40,36,21,184,InvertedTriangle
41,35,35,23,164,InvertedTriangle
41,35,31,22,166,InvertedTriangle
39,37,38,19,159,Rectangle
37,28,36,19,185,Hourglass
38,29,37,16,155,Hourglass
38,33,50,16,165,Pear
43,43,42,19,176,Apple
41,33,43,18,151,Hourglass
41,38,34,24,151,InvertedTriangle
42,41,40,19,169,Apple
37,31,39,17,172,Hourglass
39,37,40,18,164,Rectangle
35,34,36,16,153,Rectangle
37,32,45,16,161,Pear
39,37,40,17,172,Rectangle
39,34,31,22,151,InvertedTriangle
33,30,39,16,151,Pear
35,31,41,17,164,Pear
45,41,40,21,150,InvertedTriangle
34,33,35,16,162,Rectangle
38,36,35,18,183,Apple
39,39,36,20,155,Apple
37,29,36,18,166,Hourglass
37,35,36,17,178,Rectangle
38,34,44,18,160,Pear
45,40,36,20,170,InvertedTriangle
36,35,38,16,159,Rectangle
38,32,38,18,156,Hourglass
37,28,39,19,167,Hourglass
42,42,39,17,164,Apple
35,32,47,16,182,Pear
41,34,41,17,158,Hourglass
38,33,30,21,165,InvertedTriangle
36,35,33,19,157,Apple
43,41,42,18,171,Apple
44,38,35,20,153,InvertedTriangle
40,34,34,21,154,InvertedTriangle
36,31,43,18,160,Pear
37,36,39,16,180,Rectangle
44,44,42,20,178,Apple
35,32,42,16,172,Pear
42,34,40,16,173,Hourglass
34,33,35,17,183,Rectangle
36,33,35,16,153,Rectangle
36,34,36,19,169,Rectangle
36,33,42,16,153,Pear
44,38,36,23,183,InvertedTriangle
42,38,33,23,182,InvertedTriangle
35,32,36,16,172,Rectangle
36,34,35,16,178,Rectangle
39,35,33,24,159,InvertedTriangle
34,32,41,15,154,Pear
38,33,45,16,173,Pear
40,39,38,20,174,Apple
34,31,40,16,158,Pear
39,36,31,20,153,InvertedTriangle
41,41,38,17,163,Apple
36,26,36,19,177,Hourglass
35,34,35,18,151,Rectangle
39,38,40,18,177,Rectangle
45,42,40,23,154,InvertedTriangle
36,34,35,16,181,Rectangle
42,37,36,21,183,InvertedTriangle
42,42,40,18,154,Apple
33,28,40,18,161,Pear
35,33,37,19,160,Rectangle
37,34,36,17,152,Rectangle
43,42,41,17,156,Apple
38,35,32,22,163,InvertedTriangle
37,33,44,15,161,Pear
42,39,35,24,159,InvertedTriangle
42,34,43,16,176,Hourglass
38,37,38,18,156,Rectangle
38,33,45,16,177,Pear
37,37,36,17,158,Apple
38,30,39,18,150,Hourglass
32,30,39,17,166,Pear
40,35,33,21,183,InvertedTriangle
43,38,36,22,169,InvertedTriangle
38,36,48,18,180,Pear
39,33,29,24,181,InvertedTriangle
38,34,29,23,156,InvertedTriangle
42,37,33,20,159,InvertedTriangle
40,38,38,20,171,Apple
32,30,42,16,179,Pear
35,26,34,19,176,Hourglass
33,28,44,16,152,Pear
34,29,41,17,182,Pear
37,34,45,15,158,Pear
38,30,40,18,170,Hourglass
36,32,47,15,171,Pear
35,25,33,16,178,Hourglass
36,32,43,16,162,Pear
38,36,40,17,166,Rectangle
44,43,43,17,174,Apple
37,32,47,18,175,Pear
41,39,39,20,181,Apple
39,39,37,17,160,Apple
36,33,42,16,169,Pear
37,32,49,18,172,Pear
34,27,34,18,167,Hourglass
35,33,34,19,169,Rectangle
37,33,46,16,169,Pear
34,31,40,17,159,Pear
43,38,34,22,168,InvertedTriangle
35,29,33,17,172,Hourglass
34,31,44,18,170,Pear
38,37,40,16,156,Rectangle
39,39,36,17,158,Apple
40,37,42,17,177,Rectangle
38,36,37,19,183,Apple
42,39,34,21,162,InvertedTriangle
40,31,42,17,154,Hourglass
36,26,34,17,183,Hourglass
37,35,46,16,174,Pear
46,41,41,22,165,InvertedTriangle
38,37,38,17,165,Rectangle
38,36,35,20,150,Apple
36,29,34,19,156,Hourglass
40,34,38,19,173,Hourglass
37,31,39,16,185,Hourglass
36,31,47,18,155,Pear
35,34,36,17,161,Rectangle
45,41,38,21,181,InvertedTriangle
42,40,39,17,170,Apple
37,35,35,19,172,Apple
38,36,40,19,151,Rectangle
46,41,39,20,182,InvertedTriangle
38,34,44,16,160,Pear
40,40,37,20,150,Apple
34,30,46,18,164,Pear
34,29,40,16,153,Pear
36,32,46,15,170,Pear
32,28,44,16,172,Pear
39,34,32,22,150,InvertedTriangle
41,35,40,18,169,Hourglass
34,27,36,17,177,Hourglass
44,44,43,18,165,Apple
45,39,36,22,153,InvertedTriangle
37,32,44,17,151,Pear
41,33,40,18,168,Hourglass
38,32,38,18,157,Hourglass
39,38,37,20,164,Apple
36,34,34,18,152,Apple
44,42,43,19,175,Apple
38,34,32,21,151,InvertedTriangle
38,31,36,17,176,Hourglass
36,35,35,18,152,Apple
36,32,42,16,155,Pear
38,36,47,16,162,Pear
42,40,41,18,177,Apple
33,30,45,17,174,Pear
36,34,36,18,155,Rectangle
39,31,37,16,157,Hourglass
37,35,34,19,152,Apple
38,35,32,24,157,InvertedTriangle
35,34,34,18,162,Rectangle
36,33,44,16,169,Pear
38,33,33,21,155,InvertedTriangle
43,42,40,20,173,Apple
43,42,40,20,161,Apple
39,38,39,18,151,Rectangle
44,44,41,18,180,Apple
34,26,36,16,182,Hourglass
37,28,39,17,182,Hourglass
46,40,36,23,162,InvertedTriangle
38,34,49,16,155,Pear
38,34,30,20,173,InvertedTriangle
40,39,38,18,176,Apple
42,37,37,21,154,InvertedTriangle
37,37,36,19,153,Apple
38,33,46,15,163,Pear
40,37,42,19,174,Rectangle
42,35,43,19,177,Hourglass
41,41,39,20,158,Apple
40,38,42,19,184,Rectangle
36,35,35,18,156,Rectangle
37,29,36,16,171,Hourglass
38,34,29,21,174,InvertedTriangle
34,27,36,18,154,Hourglass
38,35,48,17,161,Pear
39,33,33,20,173,InvertedTriangle
41,41,40,19,161,Apple
38,36,46,17,178,Pear
45,40,37,23,173,InvertedTriangle
45,39,40,22,170,InvertedTriangle
40,31,41,19,173,Hourglass
41,37,35,23,181,InvertedTriangle
42,41,39,18,156,Apple
42,37,32,22,165,InvertedTriangle
39,39,37,19,153,Apple
45,39,38,24,164,InvertedTriangle
40,39,38,20,168,Apple
39,29,38,16,164,Hourglass
44,38,34,23,183,InvertedTriangle
46,43,39,20,150,InvertedTriangle
44,42,42,19,152,Apple
35,31,41,16,173,Pear
37,36,36,19,151,Apple
37,37,36,20,162,Apple
44,43,41,18,185,Apple
38,36,38,18,154,Rectangle
38,36,35,19,157,Apple
42,38,32,24,160,InvertedTriangle
36,31,45,16,180,Pear
42,39,35,22,171,InvertedTriangle
37,35,38,17,163,Rectangle
36,28,34,19,181,Hourglass
41,35,36,22,180,InvertedTriangle
37,36,36,17,160,Rectangle
39,34,34,22,161,InvertedTriangle
39,35,29,22,178,InvertedTriangle
38,35,37,16,182,Rectangle
36,35,35,19,171,Rectangle
43,37,37,21,175,InvertedTriangle
36,34,35,19,178,Rectangle
42,38,37,22,166,InvertedTriangle
41,40,38,20,168,Apple
40,38,39,17,174,Rectangle
36,31,47,18,166,Pear
40,37,31,21,176,InvertedTriangle
36,34,34,19,156,Apple
37,33,43,16,151,Pear
42,40,39,18,159,Apple
37,35,38,17,158,Rectangle
42,41,40,17,151,Apple
34,25,35,18,153,Hourglass
36,35,38,19,162,Rectangle
32,27,40,16,176,Pear
40,39,39,16,183,Rectangle
35,34,34,19,177,Rectangle
45,39,35,24,154,InvertedTriangle
43,37,36,24,151,InvertedTriangle
37,30,35,19,164,Hourglass
39,39,36,20,171,Apple
32,30,38,17,185,Pear
44,43,43,17,177,Apple
35,33,46,16,164,Pear
44,41,38,21,154,InvertedTriangle
38,34,48,16,184,Pear
37,34,37,16,181,Rectangle
34,29,41,16,153,Pear
39,37,37,19,168,Apple
42,33,40,19,156,Hourglass
39,37,36,20,174,Apple
34,24,33,17,184,Hourglass
34,29,46,15,153,Pear
38,37,39,19,154,Rectangle
38,35,49,18,163,Pear
41,37,33,24,177,InvertedTriangle
41,37,32,22,174,InvertedTriangle
39,36,38,18,179,Rectangle
41,31,42,19,174,Hourglass
39,33,29,24,153,InvertedTriangle
38,28,39,19,175,Hourglass
36,31,47,18,155,Pear
43,43,42,17,184,Apple
40,35,30,20,171,InvertedTriangle
37,35,46,18,159,Pear
42,33,40,17,158,Hourglass
34,30,46,18,161,Pear
40,39,40,16,158,Rectangle
36,28,37,18,181,Hourglass
40,37,39,19,178,Rectangle
37,36,36,18,168,Rectangle
39,39,37,17,180,Apple
38,36,48,18,160,Pear
42,32,42,19,168,Hourglass
40,39,39,16,158,Rectangle
38,36,37,20,183,Apple
35,33,41,18,180,Pear
42,35,44,16,179,Hourglass
44,43,42,17,155,Apple
41,41,40,18,172,Apple
37,34,47,17,185,Pear
40,38,38,19,170,Apple
39,36,39,18,183,Rectangle
39,31,38,17,151,Hourglass
36,33,36,16,152,Rectangle
40,37,40,17,166,Rectangle
36,33,38,17,164,Rectangle
35,28,33,19,176,Hourglass
36,34,36,16,160,Rectangle
34,31,45,17,165,Pear
37,32,49,18,183,Pear
38,36,40,17,153,Rectangle
37,35,45,18,153,Pear
40,35,31,21,160,InvertedTriangle
36,27,36,16,185,Hourglass
38,36,36,18,153,Apple
39,37,36,17,164,Apple
42,42,39,20,172,Apple
38,36,39,17,160,Rectangle
41,31,42,18,184,Hourglass
34,32,44,18,152,Pear
41,37,32,21,152,InvertedTriangle
38,35,28,24,164,InvertedTriangle
43,41,42,19,154,Apple
39,36,33,20,181,InvertedTriangle
37,34,47,17,167,Pear
35,26,33,16,153,Hourglass
42,41,39,20,167,Apple
42,40,40,20,163,Apple
44,41,39,23,150,InvertedTriangle
40,38,40,17,183,Rectangle
38,32,39,17,167,Hourglass
41,37,36,22,162,InvertedTriangle
38,32,36,18,150,Hourglass
36,34,33,20,164,Apple
39,30,41,18,164,Hourglass
41,35,39,19,163,Hourglass
40,32,38,18,181,Hourglass
46,41,39,22,169,InvertedTriangle
38,35,48,15,164,Pear
39,34,33,21,182,InvertedTriangle
37,28,36,16,175,Hourglass
38,34,47,16,167,Pear
36,32,42,15,177,Pear
40,37,30,20,158,InvertedTriangle
39,38,39,18,181,Rectangle
38,36,44,17,182,Pear
34,32,46,18,156,Pear
43,38,35,24,163,InvertedTriangle
44,44,43,17,182,Apple
34,33,33,17,168,Rectangle
39,32,37,16,182,Hourglass
39,30,37,16,180,Hourglass
33,28,44,16,173,Pear
36,32,47,17,174,Pear
37,34,39,17,155,Rectangle
41,37,34,23,165,InvertedTriangle
44,43,43,17,164,Apple
42,38,33,24,181,InvertedTriangle
46,41,36,24,183,InvertedTriangle
39,33,30,20,154,InvertedTriangle
44,44,42,20,180,Apple
42,35,44,19,173,Hourglass
35,32,34,18,164,Rectangle
39,36,40,17,153,Rectangle
34,31,34,19,169,Rectangle
45,42,35,21,151,InvertedTriangle
46,40,38,22,183,InvertedTriangle
36,33,38,17,168,Rectangle
35,31,47,16,164,Pear
39,37,37,17,163,Apple
36,26,36,16,150,Hourglass
42,41,41,20,152,Apple
37,29,36,16,156,Hourglass
39,36,38,16,167,Rectangle
36,33,48,16,183,Pear
34,25,36,16,170,Hourglass
36,31,48,15,165,Pear
36,35,38,17,173,Rectangle
37,30,37,19,165,Hourglass
40,35,30,24,158,InvertedTriangle
42,39,36,20,151,InvertedTriangle
43,43,40,19,161,Apple
39,35,34,20,172,InvertedTriangle
32,30,44,18,160,Pear
44,38,38,24,153,InvertedTriangle
38,34,49,18,172,Pear
39,38,40,19,157,Rectangle
41,35,32,24,154,InvertedTriangle
37,30,38,16,171,Hourglass
46,43,37,23,169,InvertedTriangle
44,44,43,20,159,Apple
40,37,41,19,179,Rectangle
37,35,34,18,180,Apple
38,35,38,16,170,Rectangle
35,32,35,17,162,Rectangle
38,35,32,24,182,InvertedTriangle
38,34,29,21,163,InvertedTriangle
41,41,38,19,176,Apple
34,29,41,18,158,Pear
38,37,36,18,178,Apple
37,35,34,20,151,Apple
38,32,32,23,183,InvertedTriangle
40,38,39,19,158,Rectangle
41,35,41,19,173,Hourglass
38,35,44,16,157,Pear
37,36,34,17,172,Apple
33,29,41,18,182,Pear
40,32,39,16,179,Hourglass
44,38,34,22,157,InvertedTriangle
37,36,36,17,185,Apple
40,37,40,16,161,Rectangle
38,37,40,16,166,Rectangle
39,39,38,19,158,Apple
34,33,36,19,158,Rectangle
38,36,35,17,162,Apple
38,29,37,19,161,Hourglass
33,31,45,17,161,Pear
39,38,37,17,159,Apple
35,28,33,17,173,Hourglass
45,41,37,23,177,InvertedTriangle
44,41,37,22,162,InvertedTriangle
43,41,42,19,163,Apple
35,27,34,18,160,Hourglass
38,36,37,20,175,Apple
42,32,42,18,182,Hourglass
42,42,41,17,157,Apple
37,31,38,18,176,Hourglass
39,38,38,18,157,Rectangle
32,28,39,15,168,Pear
36,35,33,18,179,Apple
45,41,40,21,153,InvertedTriangle
40,39,39,19,151,Apple
39,37,38,19,155,Apple
34,31,43,16,165,Pear
40,39,37,19,164,Apple
38,29,36,17,169,Hourglass
33,28,42,16,162,Pear
40,31,42,17,165,Hourglass
35,26,36,19,161,Hourglass
46,40,39,21,167,InvertedTriangle
43,43,42,17,182,Apple
42,40,40,20,155,Apple
38,32,28,21,152,InvertedTriangle
35,32,35,17,165,Rectangle
45,42,35,20,180,InvertedTriangle
35,30,42,18,165,Pear
39,37,40,19,151,Rectangle
37,36,36,18,151,Apple
38,33,32,20,156,InvertedTriangle
39,30,39,19,182,Hourglass
39,32,40,19,158,Hourglass
38,33,47,18,184,Pear
42,36,40,18,185,Hourglass
39,39,37,20,168,Apple
35,32,41,18,169,Pear
43,38,37,22,158,InvertedTriangle
41,36,33,21,167,InvertedTriangle
39,38,40,16,175,Rectangle
37,37,35,20,181,Apple
37,29,36,18,185,Hourglass
38,34,33,23,161,InvertedTriangle
34,32,35,17,153,Rectangle
38,29,37,16,174,Hourglass
36,35,33,20,151,Apple
38,36,39,19,181,Rectangle
42,40,39,17,160,Apple
40,39,37,20,163,Apple
37,31,36,18,164,Hourglass
38,35,39,18,165,Rectangle
41,35,34,23,158,InvertedTriangle
35,32,41,17,157,Pear
43,39,38,22,164,InvertedTriangle
43,40,38,24,175,InvertedTriangle
38,34,29,23,169,InvertedTriangle
33,31,43,15,161,Pear
40,39,40,18,163,Rectangle
36,34,45,15,181,Pear
41,35,31,22,183,InvertedTriangle
44,40,36,22,169,InvertedTriangle
44,40,38,20,182,InvertedTriangle
36,35,35,19,184,Apple
36,35,36,19,181,Rectangle
36,30,34,19,177,Hourglass
42,35,40,16,162,Hourglass
42,36,35,22,167,InvertedTriangle
38,32,33,23,170,InvertedTriangle
44,41,38,21,179,InvertedTriangle
36,35,36,16,161,Rectangle
41,35,33,22,153,InvertedTriangle
40,38,39,18,169,Apple
37,35,35,19,154,Apple
33,28,42,18,162,Pear
37,29,37,18,175,Hourglass
39,37,39,19,183,Rectangle
39,39,37,19,164,Apple
40,38,37,19,156,Apple
38,33,50,15,172,Pear
38,35,30,23,181,InvertedTriangle
39,32,40,18,181,Hourglass
36,35,36,18,161,Rectangle
42,41,41,17,156,Apple
34,28,34,19,175,Hourglass
46,42,36,23,155,InvertedTriangle
38,38,37,17,171,Apple
34,33,34,19,157,Rectangle
33,29,41,17,159,Pear
38,33,33,21,158,InvertedTriangle
42,39,37,24,179,InvertedTriangle
39,29,40,16,182,Hourglass
36,34,34,18,169,Apple
34,31,36,19,173,Rectangle
40,37,42,17,161,Rectangle
40,38,39,16,152,Rectangle
38,28,36,18,150,Hourglass
37,29,38,16,156,Hourglass
40,35,31,24,158,InvertedTriangle
42,41,41,19,156,Apple
41,41,38,19,175,Apple
43,41,42,18,151,Apple
41,32,39,17,185,Hourglass
41,40,40,18,178,Apple
37,34,45,16,171,Pear
41,31,43,17,181,Hourglass
42,35,42,19,155,Hourglass
38,36,47,17,154,Pear
35,25,37,17,153,Hourglass
39,36,38,17,156,Rectangle
41,41,38,20,155,Apple
37,32,46,17,153,Pear
37,35,39,19,164,Rectangle
35,31,47,15,169,Pear
37,35,36,16,177,Rectangle
43,37,35,24,152,InvertedTriangle
36,34,36,16,167,Rectangle
38,33,49,15,162,Pear
38,38,36,19,158,Apple
42,38,33,24,162,InvertedTriangle
42,38,36,23,153,InvertedTriangle
42,36,33,24,170,InvertedTriangle
34,33,35,19,156,Rectangle
39,36,29,20,173,InvertedTriangle
41,40,40,20,170,Apple
40,37,30,22,163,InvertedTriangle
37,37,35,17,183,Apple
43,38,34,23,174,InvertedTriangle
45,39,35,24,164,InvertedTriangle
37,35,47,17,176,Pear
35,32,34,17,174,Rectangle
32,29,44,16,178,Pear
41,39,38,19,156,Apple
42,38,34,22,176,InvertedTriangle
34,31,35,18,157,Rectangle
35,32,35,17,166,Rectangle
39,30,39,17,181,Hourglass
43,43,41,17,167,Apple
40,38,42,19,167,Rectangle
33,30,45,17,164,Pear
38,36,36,18,179,Apple
37,35,38,17,177,Rectangle
43,42,40,19,185,Apple
36,33,47,16,171,Pear
39,38,36,19,174,Apple
41,38,36,22,167,InvertedTriangle
38,38,36,20,171,Apple
40,37,42,17,168,Rectangle
38,33,50,17,159,Pear
37,28,36,19,163,Hourglass
33,28,42,17,173,Pear
38,29,40,18,185,Hourglass
38,37,37,19,153,Rectangle
40,39,39,17,157,Rectangle
36,26,35,19,165,Hourglass
39,34,34,23,180,InvertedTriangle
36,28,34,16,173,Hourglass
35,26,37,17,169,Hourglass
42,33,42,17,168,Hourglass
42,35,42,19,171,Hourglass
34,29,41,18,180,Pear
39,35,33,22,184,InvertedTriangle
32,29,38,18,168,Pear
37,34,49,18,164,Pear
35,32,37,16,157,Rectangle
38,35,40,18,178,Rectangle
45,39,37,23,183,InvertedTriangle
41,38,32,20,170,InvertedTriangle
43,38,33,23,161,InvertedTriangle
44,42,42,19,156,Apple
37,34,45,17,177,Pear
43,37,38,24,174,InvertedTriangle
36,26,34,19,178,Hourglass
38,35,39,19,154,Rectangle
36,34,48,18,170,Pear
36,33,37,19,170,Rectangle
35,32,42,18,154,Pear
43,42,40,20,177,Apple
37,30,36,18,161,Hourglass
36,33,35,18,169,Rectangle
38,31,38,16,178,Hourglass
38,36,36,19,184,Apple
46,42,36,20,163,InvertedTriangle
40,40,39,19,158,Apple
38,36,44,16,150,Pear
38,37,37,20,169,Apple
35,33,37,17,174,Rectangle
38,37,37,18,160,Apple
42,38,34,24,174,InvertedTriangle
38,36,39,17,175,Rectangle
41,33,42,19,168,Hourglass
38,36,35,18,178,Apple
41,37,33,24,150,InvertedTriangle
37,36,35,20,184,Apple
36,34,48,17,162,Pear
39,31,40,18,172,Hourglass
40,37,32,22,158,InvertedTriangle
34,31,42,15,150,Pear
35,25,35,17,180,Hourglass
35,31,44,16,152,Pear
40,30,42,16,167,Hourglass
34,29,40,17,153,Pear
37,34,39,19,181,Rectangle
44,43,43,17,184,Apple
43,42,41,17,161,Apple
39,37,40,19,162,Rectangle
40,40,38,18,185,Apple
44,38,37,24,185,InvertedTriangle
46,41,37,21,179,InvertedTriangle
34,31,34,17,164,Rectangle
39,35,29,24,167,InvertedTriangle
37,36,36,19,164,Apple
44,38,36,24,181,InvertedTriangle
40,37,39,18,153,Rectangle
42,39,35,22,150,InvertedTriangle
36,32,47,17,165,Pear
36,29,34,17,171,Hourglass
40,30,38,16,158,Hourglass
38,38,36,17,150,Apple
35,33,35,16,175,Rectangle
36,31,42,18,150,Pear
35,33,35,19,176,Rectangle
37,36,37,17,152,Rectangle
37,30,35,16,159,Hourglass
46,43,41,22,160,InvertedTriangle
35,33,43,16,167,Pear
37,37,34,20,161,Apple
42,42,41,19,179,Apple
39,36,38,18,184,Rectangle
39,29,37,19,157,Hourglass
36,33,45,16,179,Pear
39,36,30,21,162,InvertedTriangle
36,33,42,18,159,Pear
42,36,36,21,159,InvertedTriangle
36,31,48,15,172,Pear
34,29,44,17,178,Pear
35,34,36,16,155,Rectangle
36,33,44,17,161,Pear
39,34,34,23,170,InvertedTriangle
39,30,39,16,181,Hourglass
36,28,37,18,166,Hourglass
42,36,36,23,177,InvertedTriangle
41,35,35,20,179,InvertedTriangle
35,33,47,17,155,Pear
34,32,44,16,185,Pear
34,29,43,18,181,Pear
32,27,43,16,179,Pear
36,34,36,16,171,Rectangle
37,33,48,15,174,Pear
37,35,47,18,169,Pear
42,41,40,18,155,Apple
34,31,42,16,177,Pear
36,28,34,16,171,Hourglass
41,34,40,17,155,Hourglass
39,35,34,24,150,InvertedTriangle
40,38,42,17,151,Rectangle
42,32,40,19,161,Hourglass
37,35,36,17,155,Rectangle
40,36,34,24,182,InvertedTriangle
39,38,40,17,175,Rectangle
43,42,41,20,159,Apple
40,40,39,18,178,Apple
38,32,28,23,155,InvertedTriangle
38,35,32,22,168,InvertedTriangle
34,27,35,19,161,Hourglass
39,30,39,16,165,Hourglass
38,30,40,17,157,Hourglass
36,35,37,17,173,Rectangle
44,44,42,18,157,Apple
35,34,34,18,163,Rectangle
35,32,36,16,184,Rectangle
40,34,35,23,176,InvertedTriangle
43,38,35,22,171,InvertedTriangle
39,37,41,17,178,Rectangle
35,27,35,19,164,Hourglass
40,38,41,18,181,Rectangle
37,34,39,17,164,Rectangle
39,39,37,20,174,Apple
42,42,40,18,164,Apple
36,31,48,18,154,Pear
37,27,35,18,172,Hourglass
35,32,36,16,157,Rectangle
44,38,35,23,171,InvertedTriangle
40,38,38,18,183,Apple
37,33,48,18,169,Pear
41,39,38,20,164,Apple
38,36,38,18,151,Rectangle
36,34,35,19,178,Apple
36,34,35,19,164,Rectangle
36,35,34,19,185,Apple
34,27,34,17,155,Hourglass
37,35,34,19,181,Apple
43,42,40,19,158,Apple
35,33,42,15,182,Pear
44,42,43,20,158,Apple
38,38,36,20,182,Apple
41,32,40,19,168,Hourglass
38,36,38,17,154,Rectangle
40,38,38,18,180,Apple
38,35,46,15,159,Pear
35,32,36,19,177,Rectangle
38,36,35,17,183,Apple
34,30,44,15,158,Pear
42,36,43,16,162,Hourglass
40,39,38,18,169,Apple
39,38,38,17,181,Apple
34,31,40,17,163,Pear
32,28,44,15,157,Pear
37,36,36,18,184,Apple
40,39,42,19,161,Rectangle
42,42,41,17,168,Apple
37,35,45,16,185,Pear
39,38,41,16,177,Rectangle
34,26,32,19,156,Hourglass
41,33,43,16,153,Hourglass
35,31,47,15,151,Pear
43,40,38,21,177,InvertedTriangle
41,36,35,24,174,InvertedTriangle
35,31,46,17,173,Pear
40,30,39,16,185,Hourglass
35,32,35,16,178,Rectangle
35,33,34,17,174,Rectangle
37,27,36,16,174,Hourglass
34,33,36,17,165,Rectangle
36,30,36,16,159,Hourglass
40,40,38,19,180,Apple
37,27,36,19,159,Hourglass
39,34,34,23,160,InvertedTriangle
37,34,44,16,180,Pear
36,33,43,15,169,Pear
36,35,37,17,176,Rectangle
40,37,32,24,174,InvertedTriangle
35,30,44,17,180,Pear
34,33,33,16,177,Rectangle
32,28,44,17,179,Pear
38,28,37,19,185,Hourglass
37,33,48,18,150,Pear
42,32,44,18,164,Hourglass
37,36,36,20,163,Apple
39,39,38,20,163,Apple
40,37,30,23,162,InvertedTriangle
35,33,42,18,161,Pear
42,38,37,24,170,InvertedTriangle
39,33,33,23,172,InvertedTriangle
38,33,49,18,160,Pear
38,37,40,19,150,Rectangle
36,35,38,19,178,Rectangle
45,41,40,23,172,InvertedTriangle
35,33,35,17,174,Rectangle
40,38,37,20,166,Apple
40,38,40,18,180,Rectangle
41,33,39,19,171,Hourglass
39,35,33,21,172,InvertedTriangle
35,32,45,18,161,Pear
35,32,34,19,157,Rectangle
44,44,41,18,162,Apple
35,26,34,17,162,Hourglass
38,36,39,17,152,Rectangle
34,28,36,18,173,Hourglass
38,37,37,18,166,Apple
41,32,42,19,157,Hourglass
39,37,38,17,156,Rectangle
38,36,37,16,172,Rectangle
37,37,36,18,171,Apple
38,36,37,17,177,Apple
40,36,31,21,184,InvertedTriangle
43,39,34,24,158,InvertedTriangle
38,37,37,17,157,Rectangle
42,36,32,22,161,InvertedTriangle
37,32,49,16,173,Pear
42,39,36,23,170,InvertedTriangle
45,42,36,24,166,InvertedTriangle
43,40,36,22,166,InvertedTriangle
35,34,36,19,157,Rectangle
35,32,41,17,180,Pear
37,29,39,19,157,Hourglass
39,36,32,22,168,InvertedTriangle
40,30,40,18,170,Hourglass
32,27,40,17,155,Pear
44,42,41,19,160,Apple
32,27,39,15,184,Pear
39,38,36,17,151,Apple
41,36,35,22,178,InvertedTriangle
38,33,45,18,183,Pear
38,32,31,21,173,InvertedTriangle
39,36,38,17,165,Rectangle
44,38,39,22,163,InvertedTriangle
37,33,43,15,163,Pear
42,36,33,20,162,InvertedTriangle
35,33,42,16,159,Pear
34,30,40,17,180,Pear
38,37,37,18,179,Apple
37,37,34,19,158,Apple
39,38,37,18,151,Apple
36,34,36,19,150,Rectangle
37,32,44,18,183,Pear
37,31,38,16,161,Hourglass
38,34,45,18,154,Pear
32,29,39,18,154,Pear
36,35,37,18,180,Rectangle
36,34,35,17,161,Rectangle
40,30,42,18,150,Hourglass
37,35,44,15,165,Pear
40,38,39,17,183,Rectangle
35,33,43,18,175,Pear
37,35,34,17,180,Apple
41,39,40,18,152,Apple
38,37,37,16,180,Rectangle
44,41,34,20,169,InvertedTriangle
38,33,28,22,177,InvertedTriangle
38,34,33,22,181,InvertedTriangle
36,35,38,16,161,Rectangle
43,37,35,20,157,InvertedTriangle
42,36,44,19,172,Hourglass
39,38,40,19,156,Rectangle
38,32,31,21,165,InvertedTriangle
36,35,33,20,159,Apple
35,29,34,19,152,Hourglass
39,36,40,17,158,Rectangle
38,38,37,17,154,Apple
45,41,36,20,156,InvertedTriangle
40,34,34,21,151,InvertedTriangle
35,33,36,19,181,Rectangle
40,34,41,17,182,Hourglass
35,27,37,16,163,Hourglass
39,38,37,17,163,Apple
41,33,42,16,170,Hourglass
44,43,42,18,185,Apple
34,31,44,17,159,Pear
42,33,41,18,174,Hourglass
40,32,39,16,153,Hourglass
37,35,34,18,151,Apple
40,37,33,22,181,InvertedTriangle
40,37,39,16,166,Rectangle
33,30,43,15,168,Pear
43,38,37,23,157,InvertedTriangle
44,40,36,24,175,InvertedTriangle
38,38,36,20,151,Apple
40,36,32,21,181,InvertedTriangle
42,41,41,18,150,Apple
37,35,34,20,168,Apple
40,40,37,17,178,Apple
38,33,46,15,176,Pear
35,33,37,17,164,Rectangle
36,29,34,18,162,Hourglass
45,42,38,22,154,InvertedTriangle
34,24,34,19,183,Hourglass
35,33,47,18,161,Pear
34,27,32,18,170,Hourglass
38,35,46,17,163,Pear
35,28,35,17,183,Hourglass
42,33,44,18,167,Hourglass
34,30,44,15,169,Pear
32,28,43,18,180,Pear
36,36,35,19,177,Apple
36,31,44,17,158,Pear
35,32,36,16,173,Rectangle
39,34,34,22,168,InvertedTriangle
41,40,39,19,179,Apple
38,36,38,18,150,Rectangle
32,27,39,18,172,Pear
41,41,39,20,160,Apple
35,33,36,17,159,Rectangle
44,42,41,17,185,Apple
42,42,41,18,152,Apple
35,30,42,18,183,Pear
34,31,33,17,174,Rectangle
34,26,34,19,172,Hourglass
34,31,34,17,160,Rectangle
42,36,32,21,179,InvertedTriangle
36,35,35,17,160,Rectangle
39,36,41,17,177,Rectangle
36,35,36,19,159,Rectangle
34,30,41,15,159,Pear
41,31,41,16,167,Hourglass
46,41,36,24,150,InvertedTriangle
36,36,33,20,176,Apple
34,31,36,16,151,Rectangle
40,40,37,20,183,Apple
41,41,38,20,154,Apple
40,39,37,17,173,Apple
42,42,41,19,176,Apple
32,30,39,15,170,Pear
32,28,38,17,157,Pear
39,38,39,16,152,Rectangle
33,31,39,16,176,Pear
35,32,41,16,160,Pear
41,41,40,18,156,Apple
38,31,37,16,179,Hourglass
41,31,41,16,182,Hourglass
38,36,49,15,159,Pear
38,33,29,23,183,InvertedTriangle
35,34,36,16,182,Rectangle
37,35,39,17,164,Rectangle
38,35,32,22,162,InvertedTriangle
35,31,45,17,173,Pear
44,43,41,18,168,Apple
38,34,31,21,167,InvertedTriangle
45,40,38,20,179,InvertedTriangle
39,38,40,18,153,Rectangle
36,31,47,15,151,Pear
32,28,38,18,170,Pear
39,37,40,17,152,Rectangle
43,37,35,24,156,InvertedTriangle
35,27,37,18,168,Hourglass
44,44,41,19,172,Apple
38,35,49,16,165,Pear
37,30,37,18,169,Hourglass
34,24,32,19,157,Hourglass
44,42,42,17,162,Apple
36,36,35,18,182,Apple
38,33,47,18,156,Pear
37,36,35,19,153,Apple
40,34,39,18,184,Hourglass
42,42,40,18,179,Apple
42,35,42,17,165,Hourglass
33,29,45,16,158,Pear
36,35,37,19,176,Rectangle
44,44,42,20,161,Apple
42,38,36,20,170,InvertedTriangle
40,36,34,23,153,InvertedTriangle
32,29,40,15,177,Pear
41,41,39,20,182,Apple
36,33,43,17,183,Pear
37,35,36,18,166,Apple
37,29,38,18,173,Hourglass
34,31,44,17,164,Pear
42,34,43,18,184,Hourglass
35,33,45,18,184,Pear
33,29,42,15,185,Pear
42,32,40,17,162,Hourglass
41,41,38,17,174,Apple
38,32,33,22,185,InvertedTriangle
38,34,32,21,185,InvertedTriangle
38,37,37,17,172,Apple
37,36,37,16,185,Rectangle
39,35,30,22,150,InvertedTriangle
38,37,36,18,182,Apple
32,27,42,17,176,Pear
40,38,37,18,153,Apple
38,34,32,20,153,InvertedTriangle
41,40,39,19,181,Apple
39,32,41,16,174,Hourglass
38,33,45,16,162,Pear
43,42,40,17,152,Apple
39,36,40,18,172,Rectangle
40,38,37,19,153,Apple
41,37,34,24,171,InvertedTriangle
41,41,40,20,152,Apple
34,31,40,16,172,Pear
38,36,37,20,185,Apple
38,35,40,19,167,Rectangle
34,29,45,16,170,Pear
40,37,42,17,181,Rectangle
44,44,43,20,169,Apple
37,37,34,18,161,Apple
36,33,44,17,155,Pear
41,36,36,24,166,InvertedTriangle
39,37,36,19,156,Apple
44,38,34,20,161,InvertedTriangle
39,30,38,19,150,Hourglass
38,30,38,18,168,Hourglass
34,30,43,15,157,Pear
39,36,39,16,163,Rectangle
32,28,40,15,170,Pear
39,37,37,17,153,Apple
34,30,41,16,152,Pear
36,34,38,17,173,Rectangle
34,29,40,15,181,Pear
34,33,35,18,172,Rectangle
32,30,41,15,178,Pear
38,37,38,16,159,Rectangle
40,34,30,22,162,InvertedTriangle
37,34,44,16,179,Pear
44,44,42,17,173,Apple
40,34,42,17,174,Hourglass
41,34,42,18,182,Hourglass
44,43,42,20,159,Apple
35,33,41,16,163,Pear
38,33,46,18,166,Pear
44,44,42,19,154,Apple
32,30,43,16,170,Pear
36,34,35,19,158,Rectangle
36,34,38,18,175,Rectangle
34,30,42,16,165,Pear
40,39,38,18,165,Apple
32,30,41,17,150,Pear
38,37,37,17,163,Rectangle
36,34,35,19,175,Apple
42,38,37,23,166,InvertedTriangle
46,42,36,21,161,InvertedTriangle
33,30,45,15,181,Pear
41,32,40,17,178,Hourglass
42,33,43,17,181,Hourglass
39,38,41,19,164,Rectangle
35,32,43,17,159,Pear
40,38,41,17,163,Rectangle
35,33,37,16,159,Rectangle
38,33,33,22,166,InvertedTriangle
39,33,40,17,153,Hourglass
39,37,38,18,163,Apple
42,37,33,23,165,InvertedTriangle
36,34,47,17,181,Pear
38,34,33,21,167,InvertedTriangle
37,36,35,17,150,Apple
46,42,38,22,179,InvertedTriangle
40,33,40,16,182,Hourglass
40,38,40,18,175,Rectangle
44,38,37,21,182,InvertedTriangle
34,32,45,15,177,Pear
36,33,36,18,159,Rectangle
36,34,35,18,162,Apple
33,29,41,15,167,Pear
36,33,35,19,180,Rectangle
39,37,38,20,154,Apple
40,38,41,18,171,Rectangle
42,39,32,21,162,InvertedTriangle
37,30,39,18,166,Hourglass
35,33,34,17,184,Rectangle
33,28,45,18,165,Pear
35,33,46,15,155,Pear
36,36,35,17,151,Apple
39,33,32,24,181,InvertedTriangle
38,37,36,17,185,Apple
35,30,46,18,171,Pear
38,33,50,15,154,Pear
38,36,36,20,176,Apple
36,33,47,18,158,Pear
34,32,34,18,159,Rectangle
46,43,40,23,164,InvertedTriangle
35,31,42,15,179,Pear
35,34,36,19,153,Rectangle
45,39,35,24,152,InvertedTriangle
36,33,48,16,151,Pear
37,35,35,18,172,Apple
38,34,47,16,162,Pear
42,39,32,21,176,InvertedTriangle
44,43,41,18,165,Apple
34,31,44,17,165,Pear
40,39,40,16,167,Rectangle
36,34,38,17,175,Rectangle
43,39,38,20,166,InvertedTriangle
36,35,33,17,172,Apple
36,34,35,17,163,Apple
39,31,38,19,184,Hourglass
36,29,36,18,182,Hourglass
37,35,43,17,170,Pear
34,26,32,16,153,Hourglass
33,31,39,16,166,Pear
37,37,34,18,180,Apple
41,36,31,22,174,InvertedTriangle
33,30,44,16,172,Pear
34,25,33,16,182,Hourglass
38,34,48,15,158,Pear
39,38,38,19,156,Rectangle
43,43,42,18,164,Apple
34,31,33,18,167,Rectangle
43,40,33,21,172,InvertedTriangle
42,42,40,19,169,Apple
39,38,39,18,175,Rectangle
34,29,43,18,156,Pear
36,26,36,17,162,Hourglass
38,32,39,19,184,Hourglass
41,41,38,18,168,Apple
34,27,35,18,163,Hourglass
43,37,37,20,154,InvertedTriangle
45,41,37,23,167,InvertedTriangle
39,29,37,19,167,Hourglass
46,43,37,20,172,InvertedTriangle
38,35,48,18,180,Pear
43,42,41,17,150,Apple
39,35,30,21,168,InvertedTriangle
40,38,40,19,170,Rectangle
38,32,38,17,156,Hourglass
36,30,38,17,170,Hourglass
41,31,40,16,154,Hourglass
37,35,44,18,185,Pear
39,36,40,18,156,Rectangle
37,35,39,16,177,Rectangle
37,37,35,20,156,Apple
40,34,41,16,171,Hourglass
37,31,36,16,153,Hourglass
39,37,37,17,158,Apple
35,30,43,17,179,Pear
43,43,42,17,155,Apple
34,33,34,16,158,Rectangle
36,36,34,17,159,Apple
38,35,45,16,162,Pear
40,37,41,18,173,Rectangle
38,34,46,16,168,Pear
41,35,41,19,162,Hourglass
45,40,39,22,166,InvertedTriangle
34,32,33,17,173,Rectangle
32,28,44,16,152,Pear
43,37,38,21,161,InvertedTriangle
41,38,33,22,154,InvertedTriangle
41,37,33,20,178,InvertedTriangle
40,33,38,18,179,Hourglass
36,27,35,19,179,Hourglass
45,42,37,20,155,InvertedTriangle
37,30,36,17,153,Hourglass
46,42,41,20,169,InvertedTriangle
39,38,38,18,156,Rectangle
38,38,36,19,168,Apple
38,36,35,18,174,Apple
36,29,37,19,185,Hourglass
32,30,41,18,171,Pear
41,35,35,24,154,InvertedTriangle
41,39,39,20,184,Apple
37,35,36,17,182,Apple
37,33,48,15,151,Pear
43,42,41,18,166,Apple
39,32,39,16,166,Hourglass
40,30,42,18,174,Hourglass
37,35,49,16,167,Pear
33,28,40,18,153,Pear
32,30,39,17,175,Pear
44,39,34,24,169,InvertedTriangle
39,34,30,23,178,InvertedTriangle
32,28,43,18,170,Pear
36,29,36,19,176,Hourglass
42,42,40,17,150,Apple
43,41,40,20,150,Apple
40,38,41,18,170,Rectangle
38,36,37,16,163,Rectangle
43,41,42,18,156,Apple
38,35,37,19,183,Rectangle
46,43,40,22,178,InvertedTriangle
36,33,42,16,182,Pear
40,38,37,17,171,Apple
41,34,41,16,162,Hourglass
40,38,41,17,182,Rectangle
36,32,48,18,175,Pear
42,36,35,22,151,InvertedTriangle
41,31,39,19,181,Hourglass
42,36,35,23,165,InvertedTriangle
35,31,42,18,161,Pear
38,36,50,18,156,Pear
36,33,37,19,152,Rectangle
38,35,30,20,185,InvertedTriangle
38,33,33,24,167,InvertedTriangle
32,28,41,15,166,Pear
35,34,37,18,156,Rectangle
43,39,38,21,173,InvertedTriangle
41,33,43,18,174,Hourglass
42,41,39,20,165,Apple
46,42,37,21,163,InvertedTriangle
36,33,35,19,161,Rectangle
37,27,35,17,166,Hourglass
43,43,41,20,166,Apple
38,32,37,19,162,Hourglass
40,39,38,17,163,Apple
38,33,45,18,176,Pear
39,38,39,18,168,Rectangle
32,28,41,16,185,Pear
34,33,35,16,177,Rectangle
38,36,39,18,173,Rectangle
42,41,41,18,176,Apple
33,28,44,16,150,Pear
44,43,43,17,159,Apple
38,32,39,18,156,Hourglass
40,39,39,18,179,Apple
41,40,39,18,157,Apple
39,36,41,16,167,Rectangle
39,35,34,23,154,InvertedTriangle
39,38,41,16,153,Rectangle
40,40,38,18,160,Apple
37,36,35,18,150,Apple
40,37,39,18,185,Rectangle
41,36,31,20,165,InvertedTriangle
42,42,41,20,154,Apple
44,39,36,23,153,InvertedTriangle
44,44,41,17,155,Apple
36,26,37,18,185,Hourglass
42,41,40,19,165,Apple
32,28,43,15,160,Pear
35,27,37,18,165,Hourglass
43,40,33,20,163,InvertedTriangle
33,29,40,15,169,Pear
37,33,48,15,184,Pear
36,35,34,17,159,Apple
38,33,32,24,173,InvertedTriangle
35,32,41,15,156,Pear
40,31,42,19,173,Hourglass
36,33,36,17,160,Rectangle
37,28,35,19,152,Hourglass
35,32,36,17,162,Rectangle
33,29,44,18,178,Pear
44,41,37,21,155,InvertedTriangle
42,42,41,19,173,Apple
37,36,36,18,173,Apple
39,33,37,17,177,Hourglass
38,33,44,18,178,Pear
36,34,34,18,153,Apple
36,34,37,18,179,Rectangle
38,31,40,18,151,Hourglass
38,36,35,18,184,Apple
41,37,31,23,154,InvertedTriangle
38,33,50,18,169,Pear
36,28,34,19,176,Hourglass
41,40,40,17,161,Apple
33,31,44,15,159,Pear
38,29,40,16,162,Hourglass
44,43,42,18,153,Apple
36,34,33,20,179,Apple
41,36,32,23,165,InvertedTriangle
37,27,37,17,160,Hourglass
43,39,35,22,157,InvertedTriangle
45,40,36,21,173,InvertedTriangle
41,36,32,24,181,InvertedTriangle
38,33,32,24,168,InvertedTriangle
36,33,37,18,155,Rectangle
44,42,42,17,161,Apple
38,37,40,19,159,Rectangle
36,36,35,19,176,Apple
38,34,45,16,167,Pear
32,28,38,17,154,Pear
38,33,49,16,161,Pear
44,41,39,24,179,InvertedTriangle
40,36,32,21,159,InvertedTriangle
39,37,37,17,168,Apple
39,37,38,17,159,Apple
41,38,33,23,161,InvertedTriangle
41,40,38,18,177,Apple
42,40,41,18,163,Apple
35,26,37,16,183,Hourglass
39,38,40,19,154,Rectangle
38,37,36,19,167,Apple
38,32,37,17,163,Hourglass
36,26,35,18,165,Hourglass
38,36,39,16,179,Rectangle
41,32,41,17,177,Hourglass
40,39,39,19,157,Apple
39,38,36,20,155,Apple
34,30,46,16,157,Pear
36,32,46,15,177,Pear
40,37,40,17,154,Rectangle
43,37,38,23,164,InvertedTriangle
38,34,33,20,174,InvertedTriangle
40,36,31,24,154,InvertedTriangle
46,43,39,21,151,InvertedTriangle
42,37,35,23,184,InvertedTriangle
39,33,39,17,183,Hourglass
38,28,38,18,158,Hourglass
41,40,38,19,159,Apple
43,37,37,22,158,InvertedTriangle
36,30,37,16,150,Hourglass
41,36,32,22,179,InvertedTriangle
39,37,36,17,150,Apple
37,29,35,17,185,Hourglass
38,34,33,22,153,InvertedTriangle
35,30,41,15,162,Pear
37,32,44,15,166,Pear
38,37,36,17,185,Apple
44,44,42,19,166,Apple
35,33,44,15,151,Pear
39,37,41,19,168,Rectangle
40,35,32,24,153,InvertedTriangle
43,41,41,20,183,Apple
41,40,40,20,176,Apple
45,39,37,24,165,InvertedTriangle
41,36,32,20,157,InvertedTriangle
38,34,46,17,153,Pear
42,34,43,17,157,Hourglass
34,31,36,19,164,Rectangle
39,37,39,17,179,Rectangle
41,36,32,20,180,InvertedTriangle
36,32,42,18,162,Pear
38,35,39,16,151,Rectangle
36,35,35,18,155,Rectangle
45,42,38,23,157,InvertedTriangle
36,35,36,17,171,Rectangle
32,30,44,15,180,Pear
40,33,42,19,164,Hourglass
33,30,39,16,176,Pear
38,36,44,15,179,Pear
32,28,43,16,166,Pear
41,35,36,20,170,InvertedTriangle
41,40,40,17,172,Apple
44,41,35,24,181,InvertedTriangle
36,31,44,16,165,Pear
38,36,39,17,156,Rectangle
38,36,35,18,178,Apple
36,35,35,19,180,Apple
40,38,38,17,156,Apple
39,34,34,20,175,InvertedTriangle
38,36,50,17,185,Pear
39,33,32,23,156,InvertedTriangle
38,35,30,20,168,InvertedTriangle
37,27,38,17,153,Hourglass
37,37,35,20,154,Apple
40,34,35,22,152,InvertedTriangle
34,29,40,17,173,Pear
43,43,41,20,181,Apple
41,34,39,17,183,Hourglass
41,38,33,22,163,InvertedTriangle
35,33,36,17,153,Rectangle
39,31,38,19,181,Hourglass
36,27,36,17,184,Hourglass
35,32,35,16,160,Rectangle
46,41,40,23,167,InvertedTriangle
38,30,37,17,175,Hourglass
36,36,33,19,161,Apple
38,35,31,23,153,InvertedTriangle
37,34,38,16,175,Rectangle
37,34,36,16,184,Rectangle
42,37,33,23,156,InvertedTriangle
46,41,37,20,154,InvertedTriangle
39,38,38,17,175,Rectangle
35,31,46,15,169,Pear
41,40,39,20,175,Apple
37,30,35,17,178,Hourglass
35,28,34,16,169,Hourglass
42,35,40,16,151,Hourglass
40,30,41,16,175,Hourglass
40,39,40,16,159,Rectangle
42,37,37,21,166,InvertedTriangle
46,41,40,20,167,InvertedTriangle
35,33,36,17,178,Rectangle
36,34,38,18,158,Rectangle
32,28,43,15,155,Pear
39,29,41,19,161,Hourglass
43,43,40,20,181,Apple
37,27,37,16,164,Hourglass
37,35,43,16,183,Pear
40,33,41,16,160,Hourglass
42,37,33,21,160,InvertedTriangle
34,32,35,18,158,Rectangle
39,32,39,18,154,Hourglass
40,35,35,20,165,InvertedTriangle
44,44,42,19,159,Apple
38,32,38,17,150,Hourglass
39,35,31,21,168,InvertedTriangle
45,42,35,23,159,InvertedTriangle
34,31,33,18,159,Rectangle
43,40,38,21,181,InvertedTriangle
39,37,36,20,172,Apple
37,35,38,16,183,Rectangle
36,26,37,18,155,Hourglass
34,31,35,17,170,Rectangle
33,29,45,17,180,Pear
37,31,35,18,178,Hourglass
38,36,38,16,158,Rectangle
37,36,35,19,185,Apple
35,32,36,17,167,Rectangle
42,36,44,16,179,Hourglass
39,33,32,23,176,InvertedTriangle
37,36,39,17,161,Rectangle
46,42,41,22,152,InvertedTriangle
38,36,35,19,174,Apple
37,32,44,16,182,Pear
41,40,39,17,174,Apple
34,31,36,16,164,Rectangle
32,30,40,18,177,Pear
38,33,31,21,156,InvertedTriangle
37,33,45,17,152,Pear
45,41,38,24,171,InvertedTriangle
42,33,41,16,168,Hourglass
34,31,42,15,168,Pear
41,34,39,17,172,Hourglass
37,35,37,16,160,Rectangle
34,32,40,18,168,Pear
44,40,35,23,181,InvertedTriangle
39,36,38,17,159,Rectangle
43,39,33,20,183,InvertedTriangle
34,31,33,17,177,Rectangle
38,37,37,16,180,Rectangle
39,38,38,17,166,Apple
45,39,40,23,154,InvertedTriangle
36,30,36,16,171,Hourglass
44,40,38,22,179,InvertedTriangle
43,40,37,24,174,InvertedTriangle
45,40,39,22,171,InvertedTriangle
36,34,34,17,157,Apple
42,38,34,20,159,InvertedTriangle
33,30,41,15,170,Pear
34,31,33,16,167,Rectangle
39,35,32,23,175,InvertedTriangle
34,30,46,18,175,Pear
41,38,32,22,156,InvertedTriangle
42,42,40,17,157,Apple
46,42,38,23,157,InvertedTriangle
38,36,48,17,157,Pear
41,32,40,19,156,Hourglass
35,34,37,19,162,Rectangle
41,37,36,22,163,InvertedTriangle
38,35,31,22,177,InvertedTriangle
38,29,36,18,171,Hourglass
34,30,40,17,175,Pear
40,39,42,18,183,Rectangle
41,32,40,17,177,Hourglass
37,37,34,17,162,Apple
36,34,36,17,164,Rectangle
42,34,42,18,168,Hourglass
41,35,43,17,180,Hourglass
39,29,39,18,183,Hourglass
42,38,34,24,181,InvertedTriangle
43,41,40,17,165,Apple
35,27,33,18,184,Hourglass
35,30,47,15,171,Pear
34,31,33,19,180,Rectangle
39,32,39,19,180,Hourglass
42,36,44,17,173,Hourglass
35,33,41,16,153,Pear
33,28,42,15,154,Pear
40,34,39,18,161,Hourglass
46,41,40,23,177,InvertedTriangle
38,32,38,16,182,Hourglass
37,36,36,20,151,Apple
42,34,41,17,171,Hourglass
38,36,37,17,159,Rectangle
35,28,37,16,169,Hourglass
38,36,37,20,168,Apple
40,35,33,21,154,InvertedTriangle
42,33,40,19,182,Hourglass
38,35,40,16,178,Rectangle
42,39,37,21,162,InvertedTriangle
40,34,30,24,163,InvertedTriangle
34,29,42,16,162,Pear
37,36,37,16,162,Rectangle
43,39,34,23,173,InvertedTriangle
36,27,34,17,169,Hourglass
39,38,36,17,158,Apple
37,34,47,15,175,Pear
35,33,44,16,185,Pear
46,42,39,23,154,InvertedTriangle
35,33,34,19,173,Rectangle
37,28,39,16,169,Hourglass
37,34,48,18,177,Pear
42,40,40,17,168,Apple
38,36,44,18,172,Pear
40,30,38,16,151,Hourglass
36,34,37,17,153,Rectangle
34,32,40,15,168,Pear
38,33,49,16,162,Pear
36,34,37,18,178,Rectangle
36,35,33,18,177,Apple
39,38,37,17,161,Apple
41,41,39,18,156,Apple
39,39,36,19,157,Apple
43,42,42,18,163,Apple
44,40,35,20,157,InvertedTriangle
37,28,39,19,177,Hourglass
36,32,44,18,176,Pear
34,28,36,16,155,Hourglass
36,33,36,16,174,Rectangle
36,33,35,16,163,Rectangle
43,37,37,22,161,InvertedTriangle
39,38,38,17,172,Rectangle
39,37,40,19,179,Rectangle
37,35,36,18,180,Rectangle
38,35,38,18,184,Rectangle
38,35,37,17,178,Rectangle
44,38,37,24,172,InvertedTriangle
37,36,37,18,166,Rectangle
43,42,42,17,159,Apple
38,33,31,22,164,InvertedTriangle
40,40,39,20,177,Apple
34,31,33,19,157,Rectangle
34,31,42,17,179,Pear
38,38,35,18,179,Apple
38,31,37,16,152,Hourglass
44,44,42,20,161,Apple
33,29,40,16,169,Pear
44,38,36,20,151,InvertedTriangle
37,30,37,18,156,Hourglass
36,35,33,18,151,Apple
41,36,33,22,163,InvertedTriangle
42,36,44,16,182,Hourglass
38,32,28,24,167,InvertedTriangle
41,33,42,19,163,Hourglass
32,28,40,18,161,Pear
36,27,37,16,180,Hourglass
41,31,42,17,170,Hourglass
38,37,37,19,150,Apple
33,31,43,17,176,Pear
45,42,38,22,163,InvertedTriangle
34,26,34,18,155,Hourglass
42,41,41,19,163,Apple
40,32,38,18,160,Hourglass
40,31,40,18,176,Hourglass
37,35,36,18,165,Rectangle
36,34,46,17,150,Pear
37,31,36,18,152,Hourglass
41,36,34,22,179,InvertedTriangle
38,36,37,19,157,Apple
44,41,34,23,152,InvertedTriangle
35,33,46,18,182,Pear
39,37,37,19,171,Apple
34,31,33,16,182,Rectangle
40,31,40,18,172,Hourglass
44,39,35,21,161,InvertedTriangle
41,34,41,18,173,Hourglass
39,36,41,16,156,Rectangle
33,29,40,18,173,Pear
38,36,38,17,176,Rectangle
39,38,39,16,179,Rectangle
40,34,33,20,181,InvertedTriangle
34,33,33,17,182,Rectangle
36,28,36,16,171,Hourglass
37,34,38,19,168,Rectangle
34,32,34,18,163,Rectangle
34,28,32,18,171,Hourglass
36,33,37,17,150,Rectangle
33,29,40,17,175,Pear
34,30,41,15,180,Pear
41,37,31,21,181,InvertedTriangle
44,42,41,18,183,Apple
39,37,40,19,181,Rectangle
34,31,46,15,176,Pear
42,40,41,18,161,Apple
41,41,38,20,165,Apple
42,32,41,18,175,Hourglass
42,32,44,17,159,Hourglass
37,35,44,16,169,Pear
41,39,39,20,183,Apple
41,32,39,16,179,Hourglass
36,34,33,20,176,Apple
35,34,35,19,182,Rectangle
38,34,31,23,179,InvertedTriangle
40,39,38,19,173,Apple
32,28,39,15,180,Pear
35,31,47,16,171,Pear
40,40,37,18,157,Apple
34,32,34,18,151,Rectangle
33,28,43,18,168,Pear
33,29,45,16,177,Pear
36,34,37,16,160,Rectangle
32,29,39,18,172,Pear
37,29,35,16,162,Hourglass
40,39,39,18,181,Apple
40,30,41,19,157,Hourglass
37,35,36,18,165,Apple
39,33,37,19,165,Hourglass
36,33,47,17,164,Pear
35,25,33,19,176,Hourglass
38,36,36,20,153,Apple
33,31,42,18,165,Pear
36,33,45,17,172,Pear
37,32,43,18,171,Pear
42,35,42,19,178,Hourglass
33,31,41,15,160,Pear
39,38,38,17,166,Rectangle
41,36,34,20,167,InvertedTriangle
34,32,41,18,167,Pear
38,33,46,16,151,Pear
40,38,39,19,157,Rectangle
40,33,40,16,165,Hourglass
43,43,40,19,153,Apple
38,37,39,17,150,Rectangle
35,32,35,16,155,Rectangle
37,35,34,19,159,Apple
44,41,34,22,184,InvertedTriangle
39,29,38,18,159,Hourglass
33,31,43,16,167,Pear
37,34,38,19,171,Rectangle
33,31,42,17,159,Pear
44,43,41,18,170,Apple
36,36,34,20,172,Apple
38,34,48,16,177,Pear
42,36,35,22,154,InvertedTriangle
41,37,34,20,161,InvertedTriangle
35,32,37,16,179,Rectangle
42,37,34,22,168,InvertedTriangle
46,40,41,21,177,InvertedTriangle
40,40,39,19,156,Apple
35,32,36,16,150,Rectangle
37,36,38,18,153,Rectangle
36,33,35,16,166,Rectangle
40,38,42,17,179,Rectangle
41,37,32,24,185,InvertedTriangle
40,31,39,18,175,Hourglass
38,33,49,15,179,Pear
34,31,44,17,179,Pear
40,32,41,18,175,Hourglass
37,35,36,19,168,Rectangle
38,36,38,18,181,Rectangle
40,39,37,20,160,Apple
37,34,47,16,175,Pear
36,33,35,18,172,Rectangle
39,36,41,19,168,Rectangle
36,26,35,17,160,Hourglass
36,33,42,17,183,Pear
36,34,48,18,183,Pear
34,32,46,15,173,Pear
38,34,47,18,176,Pear
41,35,42,18,168,Hourglass
43,41,42,19,155,Apple
38,38,35,20,177,Apple
34,27,33,19,153,Hourglass
40,31,38,16,182,Hourglass
39,35,33,20,159,InvertedTriangle
40,32,42,18,153,Hourglass
43,43,40,18,152,Apple
43,41,41,19,162,Apple
38,36,37,17,167,Rectangle
41,32,42,18,166,Hourglass
40,39,41,16,164,Rectangle
36,35,35,18,182,Apple
39,37,41,16,178,Rectangle
38,33,31,20,153,InvertedTriangle
44,42,42,17,151,Apple
34,32,36,18,170,Rectangle
37,32,43,17,151,Pear
34,25,33,16,180,Hourglass
39,33,37,18,173,Hourglass
37,27,38,19,151,Hourglass
35,29,35,19,171,Hourglass
32,30,38,17,170,Pear
41,35,33,24,158,InvertedTriangle
34,32,35,18,156,Rectangle
45,39,35,24,175,InvertedTriangle
42,37,33,24,160,InvertedTriangle
34,27,32,18,168,Hourglass
35,27,34,16,169,Hourglass
39,31,39,17,159,Hourglass
36,32,44,15,160,Pear
38,33,28,22,164,InvertedTriangle
36,31,48,18,182,Pear
34,33,33,19,156,Rectangle
41,33,42,18,157,Hourglass
38,36,35,18,161,Apple
33,28,41,18,181,Pear
38,29,37,19,160,Hourglass
34,29,45,17,154,Pear
39,30,38,17,150,Hourglass
40,37,34,20,182,InvertedTriangle
38,35,49,17,172,Pear
38,34,28,21,153,InvertedTriangle
42,35,41,19,183,Hourglass
34,32,36,16,152,Rectangle
38,35,48,16,157,Pear
43,37,36,23,172,InvertedTriangle
38,33,46,18,160,Pear
35,32,37,19,175,Rectangle
38,35,31,23,154,InvertedTriangle
39,37,38,18,180,Apple
40,35,34,22,157,InvertedTriangle
35,25,36,18,184,Hourglass
42,38,37,20,178,InvertedTriangle
40,30,42,19,166,Hourglass
35,33,36,17,184,Rectangle
37,32,46,16,176,Pear
43,38,33,21,153,InvertedTriangle
38,35,29,22,177,InvertedTriangle
34,32,33,19,183,Rectangle
33,31,40,17,156,Pear
37,36,38,19,184,Rectangle
38,29,40,16,151,Hourglass
41,39,40,19,172,Apple
39,37,37,17,150,Apple
36,33,35,19,177,Rectangle
36,34,34,18,153,Apple
42,42,41,19,177,Apple
41,39,38,17,185,Apple
40,37,39,19,180,Rectangle
37,30,36,19,165,Hourglass
38,36,50,17,185,Pear
36,30,36,16,176,Hourglass
35,28,37,17,172,Hourglass
39,35,34,23,182,InvertedTriangle
43,42,42,20,155,Apple
41,41,38,18,165,Apple
40,37,40,18,170,Rectangle
35,27,37,16,174,Hourglass
39,36,33,24,183,InvertedTriangle
43,43,41,20,182,Apple
44,44,42,18,172,Apple
40,40,39,19,179,Apple
43,38,37,23,153,InvertedTriangle
36,27,37,17,175,Hourglass
39,39,36,19,161,Apple
42,40,39,19,176,Apple
36,35,35,19,184,Apple
39,37,36,18,166,Apple
40,40,38,18,181,Apple
40,34,31,22,182,InvertedTriangle
34,26,34,19,150,Hourglass
39,36,38,19,156,Rectangle
32,28,39,17,177,Pear
40,34,39,18,170,Hourglass
36,36,33,17,173,Apple
42,34,44,19,157,Hourglass
42,41,40,19,151,Apple
39,36,33,24,167,InvertedTriangle
34,29,45,15,173,Pear
46,40,40,20,169,InvertedTriangle
34,32,43,17,150,Pear
44,44,43,19,181,Apple
39,36,41,19,151,Rectangle
36,31,45,15,185,Pear
44,39,39,24,169,InvertedTriangle
36,35,34,18,151,Apple
32,27,38,15,163,Pear
34,27,32,19,156,Hourglass
35,26,36,18,159,Hourglass
41,40,40,20,155,Apple
37,34,37,16,167,Rectangle
36,27,35,19,180,Hourglass
44,44,43,19,168,Apple
41,33,40,19,157,Hourglass
37,34,36,19,176,Rectangle
33,28,40,16,173,Pear
34,26,33,19,154,Hourglass
40,37,40,16,181,Rectangle
39,36,38,16,150,Rectangle
45,40,37,23,174,InvertedTriangle
34,25,33,18,157,Hourglass
33,31,42,15,175,Pear
33,28,41,18,175,Pear
44,43,41,18,157,Apple
36,34,42,15,160,Pear
38,37,35,19,174,Apple
42,37,36,23,167,InvertedTriangle
43,41,41,17,179,Apple
43,42,42,19,181,Apple
37,35,34,20,161,Apple
39,29,39,17,164,Hourglass
39,37,39,17,155,Rectangle
37,35,34,18,175,Apple
45,39,35,20,165,InvertedTriangle
36,35,35,19,171,Rectangle
36,30,34,16,163,Hourglass
38,36,49,16,164,Pear
42,39,34,21,157,InvertedTriangle
38,31,38,19,156,Hourglass
38,28,39,18,174,Hourglass
39,29,40,16,185,Hourglass
37,30,35,17,172,Hourglass
41,39,39,17,182,Apple
32,30,44,17,182,Pear
34,32,45,16,167,Pear
44,42,42,17,152,Apple
38,30,37,18,152,Hourglass
35,29,36,16,164,Hourglass
39,38,39,18,169,Rectangle
40,36,32,20,158,InvertedTriangle
42,36,34,21,183,InvertedTriangle
34,32,33,18,175,Rectangle
36,27,34,18,172,Hourglass
45,39,38,24,155,InvertedTriangle
43,40,35,23,154,InvertedTriangle
35,25,35,16,159,Hourglass
37,31,35,19,168,Hourglass
40,31,38,18,181,Hourglass
34,31,46,15,179,Pear
36,34,36,16,183,Rectangle
40,38,42,16,180,Rectangle
41,35,36,21,162,InvertedTriangle
37,36,36,20,171,Apple
45,41,40,21,171,InvertedTriangle
37,36,35,19,163,Apple
45,42,35,21,166,InvertedTriangle
42,33,42,17,161,Hourglass
41,40,38,19,161,Apple
38,32,33,23,180,InvertedTriangle
38,37,37,17,157,Rectangle
43,37,36,24,150,InvertedTriangle
40,40,38,20,169,Apple
37,35,36,16,164,Rectangle
38,33,28,21,158,InvertedTriangle
36,32,44,17,164,Pear
37,35,39,16,169,Rectangle
35,34,34,17,170,Rectangle
38,36,39,19,169,Rectangle
40,38,38,18,168,Apple
38,36,46,17,181,Pear
42,36,32,24,159,InvertedTriangle
42,33,41,17,157,Hourglass
39,36,41,19,155,Rectangle
35,25,33,18,154,Hourglass
37,35,49,15,154,Pear
42,42,41,20,178,Apple
42,34,44,16,183,Hourglass
39,38,39,16,152,Rectangle
39,39,38,17,160,Apple
42,34,43,18,184,Hourglass
40,38,38,17,185,Apple
35,30,42,16,151,Pear
35,25,36,16,150,Hourglass
39,36,29,22,177,InvertedTriangle
38,34,47,17,157,Pear
34,32,45,17,171,Pear
37,34,36,19,151,Rectangle
37,28,36,17,162,Hourglass
36,32,43,18,179,Pear
37,30,38,17,178,Hourglass
38,36,38,18,181,Rectangle
39,37,40,16,166,Rectangle
37,35,38,17,170,Rectangle
42,33,40,19,174,Hourglass
35,32,44,17,178,Pear
43,43,42,19,177,Apple
40,39,40,16,182,Rectangle
33,30,45,17,184,Pear
42,38,33,21,174,InvertedTriangle
40,40,39,19,185,Apple
40,39,41,17,184,Rectangle
37,37,34,18,178,Apple
37,30,38,19,178,Hourglass
34,30,46,17,170,Pear
38,31,38,16,167,Hourglass
39,38,38,17,175,Apple
38,30,40,18,185,Hourglass
45,40,39,23,169,InvertedTriangle
46,40,40,21,169,InvertedTriangle
42,42,40,20,154,Apple
40,37,39,19,166,Rectangle
40,30,41,18,165,Hourglass
39,38,38,17,170,Rectangle
40,39,41,16,169,Rectangle
42,37,35,23,153,InvertedTriangle
41,34,40,17,160,Hourglass
41,40,38,20,166,Apple
36,35,36,19,176,Rectangle
40,37,33,24,163,InvertedTriangle
41,34,39,18,169,Hourglass
41,41,40,20,171,Apple
35,32,34,16,172,Rectangle
38,33,47,16,167,Pear
40,38,39,16,162,Rectangle
46,42,38,20,150,InvertedTriangle
42,36,41,17,176,Hourglass
44,40,37,22,169,InvertedTriangle
37,35,39,19,152,Rectangle
35,34,34,18,183,Rectangle
44,44,41,17,164,Apple
43,43,40,18,157,Apple
40,37,41,16,160,Rectangle
36,33,36,18,154,Rectangle
40,32,38,17,169,Hourglass
41,38,31,20,179,InvertedTriangle
41,34,42,16,169,Hourglass
36,35,35,18,184,Apple
34,33,33,18,164,Rectangle
38,33,29,20,173,InvertedTriangle
38,36,39,16,184,Rectangle
33,30,44,17,159,Pear
35,25,37,19,151,Hourglass
38,35,39,16,159,Rectangle
39,34,30,23,165,InvertedTriangle
41,41,38,17,165,Apple
37,27,37,17,172,Hourglass
34,27,35,16,165,Hourglass
36,35,35,19,151,Rectangle
42,40,39,18,150,Apple
37,35,39,19,178,Rectangle
38,37,35,18,160,Apple
40,39,39,19,154,Apple
40,38,40,16,184,Rectangle
41,31,43,18,151,Hourglass
40,34,31,22,184,InvertedTriangle
35,29,36,19,177,Hourglass
33,29,39,15,179,Pear
41,41,38,19,180,Apple
37,32,47,17,174,Pear
42,35,43,18,150,Hourglass
36,33,37,18,179,Rectangle
43,43,40,19,157,Apple
35,33,43,17,177,Pear
36,27,34,19,166,Hourglass
32,29,44,18,181,Pear
34,32,42,17,171,Pear
39,38,39,16,164,Rectangle
34,32,36,18,165,Rectangle
46,42,37,23,174,InvertedTriangle
37,34,37,19,172,Rectangle
38,37,36,20,160,Apple
32,30,43,17,170,Pear
42,36,37,23,164,InvertedTriangle
44,44,41,18,153,Apple
41,34,40,19,160,Hourglass
40,31,41,16,176,Hourglass
45,40,40,22,156,InvertedTriangle
34,29,41,15,160,Pear
42,39,37,23,150,InvertedTriangle
37,35,34,19,166,Apple
38,31,36,18,155,Hourglass
39,29,38,19,174,Hourglass
40,39,39,19,160,Apple
40,40,37,17,180,Apple
43,37,33,24,159,InvertedTriangle
36,34,45,15,176,Pear
43,38,34,20,160,InvertedTriangle
37,34,38,16,159,Rectangle
41,36,34,23,167,InvertedTriangle
34,33,36,18,168,Rectangle
35,30,46,15,156,Pear
43,42,40,20,167,Apple
41,40,40,18,164,Apple
38,36,36,17,164,Apple
41,41,40,18,162,Apple
43,43,40,20,150,Apple
33,30,39,18,173,Pear
43,40,38,24,155,InvertedTriangle
38,36,37,20,157,Apple
36,31,46,17,176,Pear
43,43,41,18,159,Apple
36,27,37,19,158,Hourglass
37,31,35,16,170,Hourglass
35,33,37,17,167,Rectangle
40,35,31,21,164,InvertedTriangle
36,36,35,17,173,Apple
34,32,44,17,169,Pear
38,34,49,17,151,Pear
43,43,40,20,181,Apple
38,37,38,16,177,Rectangle
45,40,38,24,162,InvertedTriangle
39,38,38,19,159,Apple
35,33,36,16,176,Rectangle
38,34,50,15,164,Pear
41,37,31,23,177,InvertedTriangle
34,30,41,16,168,Pear
40,39,39,17,160,Apple
35,34,34,17,171,Rectangle
33,29,44,15,165,Pear
33,30,43,15,177,Pear
39,34,29,21,165,InvertedTriangle
40,31,38,17,152,Hourglass
40,36,35,24,170,InvertedTriangle
39,38,38,17,167,Apple
39,33,37,18,164,Hourglass
36,34,47,18,153,Pear
36,35,35,18,174,Rectangle
40,39,39,19,172,Apple
38,37,39,19,164,Rectangle
42,36,42,19,168,Hourglass
40,34,34,22,160,InvertedTriangle
34,29,44,18,171,Pear
38,37,38,16,158,Rectangle
41,40,40,18,159,Apple
40,38,39,20,177,Apple
34,30,43,16,182,Pear
36,32,46,16,172,Pear
38,35,44,17,158,Pear
39,32,41,17,156,Hourglass
38,35,37,18,173,Rectangle
41,35,34,24,177,InvertedTriangle
34,28,35,16,151,Hourglass
36,34,35,16,168,Rectangle
37,36,37,16,184,Rectangle
34,30,44,17,163,Pear
33,28,45,17,154,Pear
34,24,34,18,182,Hourglass
34,28,34,19,159,Hourglass
44,40,37,20,182,InvertedTriangle
38,36,40,17,174,Rectangle
42,41,39,17,173,Apple
40,38,42,19,164,Rectangle
36,34,48,15,152,Pear
37,32,47,15,166,Pear
32,29,38,15,182,Pear
38,33,49,16,181,Pear
41,35,43,17,156,Hourglass
43,39,36,21,170,InvertedTriangle
41,40,39,18,159,Apple
44,44,43,19,165,Apple
42,40,39,17,160,Apple
34,31,35,18,182,Rectangle
37,27,39,16,156,Hourglass
39,34,33,21,158,InvertedTriangle
40,31,39,16,168,Hourglass
41,34,43,18,169,Hourglass
33,28,45,15,156,Pear
45,41,37,23,185,InvertedTriangle
36,28,38,16,150,Hourglass
36,35,36,19,154,Rectangle
40,38,40,17,174,Rectangle
38,34,31,21,172,InvertedTriangle
42,36,32,23,159,InvertedTriangle
38,35,38,19,157,Rectangle
44,40,35,21,174,InvertedTriangle
44,38,37,21,151,InvertedTriangle
38,35,50,16,155,Pear
42,36,35,24,156,InvertedTriangle
39,38,38,19,179,Apple
33,30,43,15,161,Pear
44,42,41,17,158,Apple
42,36,32,21,164,InvertedTriangle
37,35,36,17,162,Apple
39,31,37,17,171,Hourglass
40,35,30,23,160,InvertedTriangle
36,34,35,19,160,Apple
34,29,40,17,159,Pear
44,40,36,20,164,InvertedTriangle
41,39,39,17,174,Apple
40,39,39,17,157,Apple
34,33,33,17,160,Rectangle
34,29,45,15,170,Pear
44,44,41,17,151,Apple
38,36,37,19,159,Rectangle
42,36,37,21,160,InvertedTriangle
37,35,39,18,159,Rectangle
38,37,39,18,169,Rectangle
41,40,38,20,157,Apple
38,35,40,16,163,Rectangle
41,40,39,17,155,Apple
38,37,37,16,170,Rectangle
40,39,37,18,179,Apple
36,30,36,18,154,Hourglass
44,39,38,23,179,InvertedTriangle
44,43,43,19,162,Apple
39,31,37,17,177,Hourglass
39,32,41,18,185,Hourglass
35,34,37,19,181,Rectangle
38,35,32,20,157,InvertedTriangle
36,36,34,17,169,Apple
40,30,42,18,156,Hourglass
37,35,37,18,183,Rectangle
38,34,33,21,150,InvertedTriangle
42,39,36,22,184,InvertedTriangle
33,31,44,15,163,Pear
38,38,35,20,167,Apple
46,43,37,21,179,InvertedTriangle
43,39,37,23,160,InvertedTriangle
37,34,37,19,175,Rectangle
34,31,41,17,176,Pear
34,26,36,16,157,Hourglass
41,35,33,20,156,InvertedTriangle
37,32,43,16,154,Pear
40,36,35,22,165,InvertedTriangle
41,35,41,18,158,Hourglass
46,40,37,21,168,InvertedTriangle
34,26,34,16,161,Hourglass
33,29,42,16,156,Pear
38,34,33,20,177,InvertedTriangle
40,39,42,18,163,Rectangle
34,32,36,16,164,Rectangle
38,31,39,19,162,Hourglass
45,41,40,20,181,InvertedTriangle
44,43,41,19,159,Apple
40,38,40,16,154,Rectangle
38,30,37,19,162,Hourglass
39,37,41,18,179,Rectangle
37,34,36,18,156,Rectangle
42,39,32,21,175,InvertedTriangle
43,38,37,20,169,InvertedTriangle
36,26,35,18,150,Hourglass
40,33,42,19,181,Hourglass
40,37,30,24,173,InvertedTriangle
44,43,42,20,162,Apple
42,42,39,20,166,Apple
37,36,36,19,167,Apple
36,34,35,19,185,Apple
43,39,34,22,169,InvertedTriangle
44,43,43,18,185,Apple
36,33,37,17,161,Rectangle
35,33,35,18,173,Rectangle
34,33,36,17,159,Rectangle
34,26,32,18,172,Hourglass
39,38,38,20,152,Apple
39,34,30,21,172,InvertedTriangle
36,26,35,19,184,Hourglass
45,41,38,20,185,InvertedTriangle
35,26,36,19,175,Hourglass
34,32,35,17,152,Rectangle
41,39,40,17,168,Apple
38,36,38,16,167,Rectangle
36,33,38,18,156,Rectangle
44,38,34,22,156,InvertedTriangle
42,41,41,18,177,Apple
34,32,33,18,153,Rectangle
39,35,33,24,177,InvertedTriangle
40,36,30,23,154,InvertedTriangle
34,33,35,19,154,Rectangle
41,39,39,18,162,Apple
35,34,34,16,177,Rectangle
36,34,35,18,165,Apple
37,35,38,16,160,Rectangle
35,34,37,18,158,Rectangle
39,36,38,17,151,Rectangle
35,25,34,19,150,Hourglass
40,39,41,19,158,Rectangle
41,41,38,19,163,Apple
39,29,38,17,185,Hourglass
34,28,32,19,168,Hourglass
38,37,37,18,158,Apple
36,28,37,18,158,Hourglass
38,36,35,17,156,Apple
35,28,35,17,169,Hourglass
37,35,37,18,176,Rectangle
33,31,41,16,150,Pear
34,25,36,17,184,Hourglass
42,41,39,20,151,Apple
40,33,39,18,158,Hourglass
45,42,39,24,180,InvertedTriangle
39,37,37,17,158,Apple
40,40,38,20,182,Apple
39,31,40,17,182,Hourglass
37,34,45,18,155,Pear
42,37,35,20,174,InvertedTriangle
42,37,37,24,166,InvertedTriangle
35,30,44,18,161,Pear
41,36,33,20,160,InvertedTriangle
38,37,40,18,150,Rectangle
40,31,41,16,156,Hourglass
41,35,31,21,179,InvertedTriangle
40,38,40,17,183,Rectangle
39,35,33,24,183,InvertedTriangle
37,37,34,20,154,Apple
37,37,36,18,185,Apple
39,37,36,19,173,Apple
38,37,40,18,162,Rectangle
35,26,36,19,178,Hourglass
38,37,35,19,168,Apple
44,42,43,19,180,Apple
40,39,38,19,168,Apple
36,33,38,19,168,Rectangle
42,40,41,20,170,Apple
34,33,34,19,152,Rectangle
33,31,42,17,152,Pear
40,36,34,24,170,InvertedTriangle
36,34,38,19,167,Rectangle
42,33,41,16,160,Hourglass
36,34,33,20,165,Apple
36,35,36,17,183,Rectangle
37,35,39,16,157,Rectangle
36,34,38,19,184,Rectangle
35,32,37,16,167,Rectangle
41,36,35,21,181,InvertedTriangle
40,38,42,19,164,Rectangle
36,33,36,16,185,Rectangle
43,42,42,17,172,Apple
36,33,38,17,184,Rectangle
40,38,37,18,179,Apple
32,27,43,18,159,Pear
38,33,47,16,172,Pear
40,37,41,18,161,Rectangle
36,28,36,16,157,Hourglass
44,41,36,21,159,InvertedTriangle
35,34,37,17,175,Rectangle
35,32,43,16,169,Pear
39,36,33,21,174,InvertedTriangle
41,32,43,17,174,Hourglass
40,40,38,19,174,Apple
36,33,44,18,152,Pear
37,37,36,19,159,Apple
36,36,34,17,180,Apple
42,40,39,20,173,Apple
39,38,39,19,179,Rectangle
37,36,39,19,163,Rectangle
38,36,37,19,185,Rectangle
39,38,41,16,177,Rectangle
40,35,35,21,166,InvertedTriangle
35,25,35,17,153,Hourglass
40,34,38,19,174,Hourglass
32,30,42,15,158,Pear
34,32,33,18,169,Rectangle
37,28,35,16,182,Hourglass
32,29,44,16,158,Pear
41,35,33,24,167,InvertedTriangle
39,33,40,16,157,Hourglass
36,31,47,16,154,Pear
36,29,38,17,163,Hourglass
35,29,36,17,176,Hourglass
46,41,40,21,161,InvertedTriangle
39,39,38,19,157,Apple
34,30,40,15,173,Pear
37,34,37,18,160,Rectangle
44,41,35,21,184,InvertedTriangle
38,34,29,23,185,InvertedTriangle
35,31,44,17,168,Pear
37,29,36,18,161,Hourglass
40,36,33,21,165,InvertedTriangle
39,31,37,16,168,Hourglass
37,28,39,17,181,Hourglass
39,33,29,22,173,InvertedTriangle
34,32,33,16,167,Rectangle
43,43,41,17,162,Apple
32,27,39,17,181,Pear
36,31,46,15,177,Pear
37,28,37,19,163,Hourglass
37,35,36,20,157,Apple
38,36,46,16,155,Pear
42,39,35,21,167,InvertedTriangle
39,31,39,18,154,Hourglass
34,25,32,17,158,Hourglass
42,37,34,23,160,InvertedTriangle
38,32,28,22,172,InvertedTriangle
38,36,50,15,178,Pear
40,40,38,17,169,Apple
35,33,36,18,180,Rectangle
38,33,33,24,169,InvertedTriangle
40,34,42,17,161,Hourglass
36,26,38,16,152,Hourglass
35,26,34,16,155,Hourglass
42,39,32,23,155,InvertedTriangle
39,38,36,17,151,Apple
35,28,34,18,159,Hourglass
36,27,35,17,151,Hourglass
35,29,33,19,154,Hourglass
44,38,34,21,158,InvertedTriangle
38,36,39,18,174,Rectangle
36,29,36,19,172,Hourglass
44,42,43,18,164,Apple
44,43,42,19,179,Apple
39,30,39,19,175,Hourglass
37,35,39,16,153,Rectangle
43,42,41,19,178,Apple
39,34,32,22,171,InvertedTriangle
33,28,40,18,151,Pear
36,30,38,18,185,Hourglass
42,41,40,20,179,Apple
37,35,37,19,164,Rectangle
38,36,37,19,164,Apple
40,38,38,17,167,Apple
46,43,41,21,163,InvertedTriangle
33,31,45,15,158,Pear
42,42,39,18,170,Apple
40,40,37,20,173,Apple
40,40,39,19,184,Apple
40,34,33,22,171,InvertedTriangle
38,37,38,19,182,Rectangle
44,44,43,20,172,Apple
38,35,32,22,163,InvertedTriangle
42,34,44,17,167,Hourglass
41,37,31,21,176,InvertedTriangle
39,38,38,17,177,Apple
36,29,37,16,176,Hourglass
41,33,42,18,184,Hourglass
40,32,41,16,158,Hourglass
38,37,40,17,159,Rectangle
38,35,45,17,152,Pear
37,37,34,19,181,Apple
36,31,45,18,151,Pear
35,30,47,16,151,Pear
46,43,38,22,169,InvertedTriangle
36,35,35,19,157,Rectangle
46,42,37,23,170,InvertedTriangle
39,36,32,22,182,InvertedTriangle
37,34,46,15,180,Pear
34,25,32,16,154,Hourglass
37,33,43,16,177,Pear
41,31,43,17,152,Hourglass
40,35,30,21,168,InvertedTriangle
41,35,40,19,172,Hourglass
42,40,40,17,174,Apple
42,41,39,19,176,Apple
36,26,38,18,171,Hourglass
42,35,43,16,151,Hourglass
39,37,40,18,180,Rectangle
38,29,40,16,176,Hourglass
32,29,41,17,180,Pear
38,35,33,22,158,InvertedTriangle
40,37,39,16,170,Rectangle
38,36,37,17,150,Rectangle
33,30,43,18,163,Pear
36,35,35,18,185,Apple
37,34,45,16,168,Pear
37,35,36,19,173,Apple
39,33,33,22,152,InvertedTriangle
38,30,36,18,155,Hourglass
37,37,36,20,182,Apple
40,39,39,17,180,Rectangle
46,40,39,23,155,InvertedTriangle
46,43,39,23,170,InvertedTriangle
39,29,38,16,165,Hourglass
40,34,42,19,152,Hourglass
38,35,32,23,179,InvertedTriangle
40,37,41,16,151,Rectangle
40,30,39,16,177,Hourglass
38,35,40,19,182,Rectangle
42,32,43,19,163,Hourglass
41,41,38,20,161,Apple
37,36,35,20,168,Apple
43,40,36,20,174,InvertedTriangle
38,30,38,17,157,Hourglass
34,32,33,19,177,Rectangle
38,34,50,15,166,Pear
38,37,35,18,151,Apple
38,36,36,18,177,Apple
35,32,37,17,161,Rectangle
46,40,41,20,175,InvertedTriangle
46,42,38,22,151,InvertedTriangle
37,36,36,20,153,Apple
37,34,38,17,158,Rectangle
35,33,36,16,150,Rectangle
41,39,39,19,173,Apple
37,37,34,18,164,Apple
38,36,35,19,170,Apple
37,32,46,18,185,Pear
38,36,50,15,170,Pear
40,38,39,16,168,Rectangle
40,30,38,17,169,Hourglass
42,37,34,22,181,InvertedTriangle
38,38,36,19,160,Apple
37,35,44,18,179,Pear
37,28,38,16,180,Hourglass
34,29,46,18,161,Pear
40,39,41,19,150,Rectangle
34,32,40,16,151,Pear
41,35,33,23,169,InvertedTriangle
40,38,39,19,170,Apple
40,37,34,23,169,InvertedTriangle
37,34,45,15,168,Pear
36,33,37,19,158,Rectangle
40,39,42,16,155,Rectangle
42,42,40,19,167,Apple
38,33,30,21,178,InvertedTriangle
39,37,38,19,185,Apple
46,41,39,20,154,InvertedTriangle
36,36,35,18,179,Apple
38,37,36,19,184,Apple
40,30,39,19,160,Hourglass
34,32,33,18,163,Rectangle
44,38,34,21,166,InvertedTriangle
34,31,41,16,183,Pear
38,32,36,17,165,Hourglass
35,29,35,19,183,Hourglass
35,27,33,16,159,Hourglass
44,43,43,18,181,Apple
39,38,39,19,172,Rectangle
38,35,47,17,153,Pear
43,40,35,20,150,InvertedTriangle
39,32,39,17,181,Hourglass
32,29,40,18,169,Pear
44,44,42,18,173,Apple
33,28,39,15,153,Pear
36,35,35,19,162,Rectangle
38,31,38,19,163,Hourglass
36,32,45,15,171,Pear
38,37,36,20,151,Apple
34,29,41,17,155,Pear
35,29,37,17,171,Hourglass
33,30,43,16,169,Pear
45,39,39,23,178,InvertedTriangle
35,33,34,17,183,Rectangle
36,29,36,18,161,Hourglass
40,39,38,17,174,Apple
37,37,36,19,171,Apple
40,36,34,21,181,InvertedTriangle
41,33,40,18,150,Hourglass
38,33,31,22,152,InvertedTriangle
39,29,39,17,184,Hourglass
43,43,40,20,162,Apple
39,30,39,17,172,Hourglass
41,40,40,17,172,Apple
38,34,46,18,166,Pear
39,35,31,24,179,InvertedTriangle
38,32,33,23,177,InvertedTriangle
35,27,34,17,178,Hourglass
43,38,38,21,175,InvertedTriangle
35,32,43,18,157,Pear
41,38,36,20,172,InvertedTriangle
34,28,34,17,156,Hourglass
32,29,41,18,157,Pear
43,43,40,18,173,Apple
37,35,38,17,178,Rectangle
38,36,40,19,153,Rectangle
43,41,42,17,176,Apple
42,39,34,20,181,InvertedTriangle
37,35,34,17,179,Apple
38,32,33,20,165,InvertedTriangle
34,32,43,15,166,Pear
38,32,31,23,153,InvertedTriangle
43,43,41,17,170,Apple
35,27,37,17,176,Hourglass
37,37,35,17,169,Apple
38,36,40,16,150,Rectangle
38,29,39,18,173,Hourglass
34,33,36,18,172,Rectangle
38,32,36,16,162,Hourglass
32,30,39,17,172,Pear
37,35,35,19,161,Apple
35,27,37,19,153,Hourglass
38,35,33,21,161,InvertedTriangle
40,37,40,16,181,Rectangle
40,37,34,24,162,InvertedTriangle
39,33,34,24,179,InvertedTriangle
39,38,38,20,176,Apple
39,39,38,18,164,Apple
32,27,43,18,164,Pear
39,36,39,18,176,Rectangle
37,28,37,18,154,Hourglass
38,35,30,21,181,InvertedTriangle
38,37,37,16,150,Rectangle
37,37,36,17,152,Apple
34,31,45,18,158,Pear
37,36,39,19,161,Rectangle
36,34,47,17,165,Pear
44,38,35,23,164,InvertedTriangle
34,30,42,16,153,Pear
37,35,47,17,153,Pear
35,30,47,18,158,Pear
36,35,36,16,180,Rectangle
40,37,39,16,177,Rectangle
36,29,36,16,168,Hourglass
36,26,34,17,152,Hourglass
38,35,30,23,164,InvertedTriangle
36,33,44,17,159,Pear
37,35,36,18,181,Apple
32,29,44,17,151,Pear
39,38,37,19,182,Apple
41,39,39,17,180,Apple
41,35,43,16,150,Hourglass
36,33,38,17,161,Rectangle
42,37,32,21,169,InvertedTriangle
38,37,39,16,168,Rectangle
36,35,35,18,152,Apple
43,39,36,22,175,InvertedTriangle
39,36,38,19,175,Rectangle
41,36,33,24,185,InvertedTriangle
42,36,36,22,163,InvertedTriangle
38,36,37,19,183,Rectangle
38,36,46,18,156,Pear
40,38,42,18,176,Rectangle
40,40,37,20,157,Apple
46,40,38,22,178,InvertedTriangle
36,28,36,16,181,Hourglass
40,34,38,17,165,Hourglass
44,38,38,21,172,InvertedTriangle
34,30,44,15,180,Pear
42,32,44,19,157,Hourglass
39,37,38,18,153,Apple
36,34,33,20,150,Apple
43,37,34,20,157,InvertedTriangle
39,30,39,17,176,Hourglass
34,33,34,17,162,Rectangle
39,35,33,21,156,InvertedTriangle
34,32,41,18,151,Pear
35,29,37,17,157,Hourglass
38,32,38,16,177,Hourglass
40,36,30,21,150,InvertedTriangle
40,35,32,22,183,InvertedTriangle
37,35,36,19,163,Apple
37,32,46,16,155,Pear
39,30,40,19,161,Hourglass
32,30,38,17,151,Pear
36,30,34,17,156,Hourglass
34,29,41,17,179,Pear
32,27,43,18,151,Pear
34,27,34,16,166,Hourglass
36,26,38,18,156,Hourglass
40,39,39,17,178,Apple
42,36,42,19,155,Hourglass
37,33,45,15,172,Pear
45,41,40,23,170,InvertedTriangle
35,30,41,15,156,Pear
39,33,37,18,166,Hourglass
38,37,40,19,169,Rectangle
40,38,39,19,151,Rectangle
41,35,31,24,151,InvertedTriangle
36,28,36,17,175,Hourglass
35,30,43,15,172,Pear
34,29,40,16,157,Pear
45,42,37,21,180,InvertedTriangle
36,32,42,16,174,Pear
44,38,37,22,153,InvertedTriangle
41,39,40,20,155,Apple
39,37,38,19,157,Apple
38,36,37,16,173,Rectangle
42,42,40,17,184,Apple
42,32,41,19,165,Hourglass
42,41,40,20,162,Apple
32,28,42,17,184,Pear
39,33,39,18,166,Hourglass
39,39,37,17,178,Apple
40,31,42,16,165,Hourglass
39,38,40,16,168,Rectangle
36,35,34,20,151,Apple
38,31,38,16,169,Hourglass
37,36,34,19,153,Apple
41,33,43,18,171,Hourglass
39,36,40,18,185,Rectangle
38,36,39,16,170,Rectangle
43,39,33,24,180,InvertedTriangle
44,39,38,20,166,InvertedTriangle
39,38,39,19,156,Rectangle
37,36,39,16,155,Rectangle
43,41,41,20,156,Apple
42,41,40,18,152,Apple
34,31,36,16,181,Rectangle
40,34,32,21,175,InvertedTriangle
45,42,40,23,157,InvertedTriangle
38,33,46,15,171,Pear
32,29,41,15,172,Pear
39,29,37,16,177,Hourglass
41,38,33,20,163,InvertedTriangle
36,27,35,18,162,Hourglass
36,33,43,15,176,Pear
40,35,35,20,150,InvertedTriangle
35,29,36,19,183,Hourglass
41,38,32,23,152,InvertedTriangle
40,35,33,21,151,InvertedTriangle
36,34,38,19,165,Rectangle
37,35,44,15,168,Pear
33,29,41,17,174,Pear
35,33,47,18,174,Pear
45,40,36,22,167,InvertedTriangle
42,40,41,20,154,Apple
34,31,35,16,175,Rectangle
38,33,45,18,175,Pear
34,31,35,17,151,Rectangle
39,32,38,19,152,Hourglass
34,32,40,17,162,Pear
38,36,40,19,172,Rectangle
46,40,37,20,164,InvertedTriangle
36,31,47,16,155,Pear
39,38,38,19,172,Rectangle
37,35,34,17,152,Apple
34,30,41,18,153,Pear
36,33,46,15,163,Pear
39,29,40,19,161,Hourglass
39,38,39,17,161,Rectangle
37,35,36,17,165,Rectangle
39,39,37,19,158,Apple
35,33,41,15,178,Pear
37,31,37,18,156,Hourglass
38,33,29,24,176,InvertedTriangle
38,32,33,23,161,InvertedTriangle
35,30,46,17,154,Pear
44,40,39,21,153,InvertedTriangle
35,31,46,16,164,Pear
39,37,39,18,157,Rectangle
35,27,36,17,183,Hourglass
38,34,48,16,152,Pear
37,30,39,16,183,Hourglass
40,35,35,21,171,InvertedTriangle
43,42,41,20,168,Apple
46,42,39,24,177,InvertedTriangle
39,37,39,18,155,Rectangle
44,38,36,23,160,InvertedTriangle
41,31,39,19,164,Hourglass
43,38,37,22,157,InvertedTriangle
46,40,37,23,167,InvertedTriangle
34,33,33,16,168,Rectangle
44,40,34,22,150,InvertedTriangle
36,34,36,17,154,Rectangle
34,30,46,18,177,Pear
46,41,37,22,164,InvertedTriangle
39,29,41,18,158,Hourglass
43,41,40,20,155,Apple
39,37,39,16,165,Rectangle
40,39,40,16,172,Rectangle
42,38,32,20,168,InvertedTriangle
39,39,37,18,158,Apple
42,39,32,20,184,InvertedTriangle
37,30,39,16,177,Hourglass
39,36,39,17,181,Rectangle
41,39,38,18,155,Apple
40,35,35,20,171,InvertedTriangle
34,32,36,17,170,Rectangle
41,37,32,22,182,InvertedTriangle
39,38,40,18,179,Rectangle
39,34,34,23,177,InvertedTriangle
39,33,38,16,165,Hourglass
43,37,36,21,170,InvertedTriangle
32,27,38,15,156,Pear
42,38,34,24,175,InvertedTriangle
42,39,37,23,177,InvertedTriangle
37,36,35,19,154,Apple
40,35,31,21,169,InvertedTriangle
44,43,42,18,172,Apple
40,34,38,17,182,Hourglass
39,29,37,19,178,Hourglass
38,32,40,16,150,Hourglass
36,36,35,20,152,Apple
38,35,29,21,152,InvertedTriangle
40,32,40,17,162,Hourglass
45,42,38,22,177,InvertedTriangle
40,35,35,20,153,InvertedTriangle
41,39,39,20,160,Apple
44,38,34,23,164,InvertedTriangle
36,34,35,20,151,Apple
38,31,38,17,171,Hourglass
39,37,40,16,152,Rectangle
38,35,38,16,165,Rectangle
40,39,41,18,168,Rectangle
42,40,40,17,173,Apple
40,40,38,17,176,Apple
42,40,41,18,170,Apple
36,34,33,20,162,Apple
34,30,42,17,181,Pear
36,34,37,19,153,Rectangle
38,34,31,23,161,InvertedTriangle
38,36,44,18,151,Pear
36,33,48,16,181,Pear
42,37,36,20,174,InvertedTriangle
36,36,33,20,181,Apple
37,36,36,20,158,Apple
42,36,34,21,173,InvertedTriangle
37,33,49,18,184,Pear
43,38,34,20,179,InvertedTriangle
32,30,41,17,151,Pear
34,31,45,17,181,Pear
40,34,38,16,150,Hourglass
36,34,33,20,166,Apple
42,38,37,22,177,InvertedTriangle
44,42,42,20,154,Apple
35,30,45,18,166,Pear
42,35,44,19,169,Hourglass
39,37,40,16,163,Rectangle
39,37,38,19,163,Rectangle
39,33,32,21,160,InvertedTriangle
37,28,35,16,178,Hourglass
39,37,39,18,157,Rectangle
35,31,42,15,165,Pear
39,35,34,21,165,InvertedTriangle
40,32,38,18,154,Hourglass
42,35,44,18,159,Hourglass
44,42,41,17,161,Apple
42,35,42,18,153,Hourglass
34,30,45,18,162,Pear
32,28,43,17,161,Pear
46,41,36,20,169,InvertedTriangle
36,36,33,19,170,Apple
41,41,38,19,155,Apple
41,40,38,17,155,Apple
41,31,39,17,185,Hourglass
39,37,38,17,183,Rectangle
35,27,37,16,157,Hourglass
40,33,39,18,168,Hourglass
45,39,37,22,157,InvertedTriangle
43,43,41,19,165,Apple
39,32,41,16,173,Hourglass
39,38,38,17,153,Rectangle
36,36,34,17,184,Apple
32,27,39,18,159,Pear
40,36,31,24,172,InvertedTriangle
36,35,35,17,176,Apple
39,34,31,20,182,InvertedTriangle
36,33,38,17,157,Rectangle
38,35,33,24,165,InvertedTriangle
43,43,42,19,179,Apple
40,38,42,17,156,Rectangle
36,34,37,16,158,Rectangle
41,31,39,17,182,Hourglass
35,34,34,16,156,Rectangle
37,37,34,18,183,Apple
36,35,33,18,155,Apple
41,32,43,19,172,Hourglass
38,37,37,19,174,Rectangle
42,41,41,18,177,Apple
34,29,41,18,181,Pear
41,39,39,18,173,Apple
40,34,34,21,180,InvertedTriangle
37,33,44,16,181,Pear
36,26,35,19,183,Hourglass
33,30,41,16,178,Pear
39,36,38,18,151,Rectangle
39,36,39,17,176,Rectangle
38,32,28,20,151,InvertedTriangle
42,37,34,22,161,InvertedTriangle
40,37,31,24,165,InvertedTriangle
36,29,37,16,150,Hourglass
38,35,32,24,166,InvertedTriangle
41,35,42,16,161,Hourglass
37,34,46,17,171,Pear
42,40,41,17,165,Apple
34,32,42,17,151,Pear
38,38,35,20,183,Apple
41,40,40,20,182,Apple
34,31,36,17,160,Rectangle
39,34,33,24,180,InvertedTriangle
40,34,30,22,155,InvertedTriangle
37,32,48,16,160,Pear
38,36,37,17,157,Rectangle
36,34,34,18,165,Apple
33,31,41,15,177,Pear
41,35,35,23,152,InvertedTriangle
36,29,38,19,178,Hourglass
38,38,37,18,156,Apple
39,36,32,21,174,InvertedTriangle
42,38,35,22,164,InvertedTriangle
40,37,31,23,180,InvertedTriangle
37,35,36,16,169,Rectangle
38,36,37,19,161,Apple
46,43,36,24,171,InvertedTriangle
44,44,41,20,167,Apple
38,37,37,16,170,Rectangle
37,33,47,16,160,Pear
37,36,39,18,171,Rectangle
42,35,40,16,163,Hourglass
36,34,34,19,182,Apple
32,28,40,16,172,Pear
44,43,42,20,152,Apple
43,37,35,23,167,InvertedTriangle
37,34,37,17,171,Rectangle
35,32,47,16,176,Pear
40,36,33,20,164,InvertedTriangle
40,31,41,18,185,Hourglass
34,26,33,16,180,Hourglass
34,24,32,18,176,Hourglass
36,36,34,17,173,Apple
39,36,34,23,171,InvertedTriangle
42,36,35,24,172,InvertedTriangle
35,34,37,18,164,Rectangle
38,37,37,18,164,Apple
39,35,34,24,176,InvertedTriangle
38,35,45,17,170,Pear
39,35,31,21,176,InvertedTriangle
45,42,36,21,173,InvertedTriangle
32,30,41,17,175,Pear
36,36,33,20,150,Apple
36,33,37,18,172,Rectangle
36,29,34,19,152,Hourglass
41,38,35,21,167,InvertedTriangle
35,32,36,16,150,Rectangle
38,33,28,24,168,InvertedTriangle
36,34,46,15,160,Pear
41,40,39,19,172,Apple
46,41,36,21,157,InvertedTriangle
34,31,40,18,177,Pear
44,42,41,17,162,Apple
42,32,42,18,173,Hourglass
38,36,37,17,164,Apple
36,28,36,17,166,Hourglass
37,33,44,17,157,Pear
36,31,42,17,185,Pear
41,32,42,18,160,Hourglass
35,33,36,18,155,Rectangle
41,31,43,18,156,Hourglass
37,29,37,18,167,Hourglass
32,27,38,16,169,Pear
38,32,29,24,164,InvertedTriangle
35,32,34,19,162,Rectangle
41,34,39,17,174,Hourglass
37,34,46,15,174,Pear
38,35,37,19,170,Rectangle
36,35,38,19,175,Rectangle
38,32,30,20,157,InvertedTriangle
43,39,33,24,159,InvertedTriangle
40,38,38,19,158,Apple
44,38,36,24,167,InvertedTriangle
44,43,42,20,170,Apple
42,42,41,19,165,Apple
37,36,36,20,178,Apple
38,37,37,18,175,Apple
38,37,37,19,158,Rectangle
41,37,33,20,160,InvertedTriangle
38,35,32,22,154,InvertedTriangle
38,35,46,18,155,Pear
46,42,41,24,172,InvertedTriangle
42,39,37,23,165,InvertedTriangle
41,35,35,20,162,InvertedTriangle
39,37,39,16,170,Rectangle
40,38,39,18,179,Rectangle
42,38,35,24,164,InvertedTriangle
34,25,35,16,171,Hourglass
45,41,35,23,156,InvertedTriangle
38,37,39,16,183,Rectangle
40,38,39,17,166,Apple
41,35,39,16,175,Hourglass
41,35,35,21,177,InvertedTriangle
41,37,34,24,183,InvertedTriangle
36,34,37,16,152,Rectangle
34,24,32,16,154,Hourglass
32,28,44,17,166,Pear
40,30,41,18,162,Hourglass
34,32,34,19,163,Rectangle
40,38,41,18,156,Rectangle
41,36,34,21,166,InvertedTriangle
38,33,28,23,159,InvertedTriangle
40,38,41,18,168,Rectangle
38,35,46,16,160,Pear
42,36,42,16,180,Hourglass
34,32,35,16,153,Rectangle
40,39,42,17,179,Rectangle
45,41,37,20,174,InvertedTriangle
37,35,48,17,163,Pear
40,39,40,18,156,Rectangle
38,33,30,23,161,InvertedTriangle
36,33,44,17,158,Pear
32,29,40,16,154,Pear
39,34,33,24,182,InvertedTriangle
38,33,33,24,182,InvertedTriangle
34,32,33,19,173,Rectangle
46,41,38,20,155,InvertedTriangle
32,29,40,16,166,Pear
40,37,35,20,183,InvertedTriangle
34,29,45,16,164,Pear
34,31,43,17,157,Pear
42,42,40,19,170,Apple
44,38,38,21,182,InvertedTriangle
38,38,35,20,160,Apple
34,32,40,17,172,Pear
37,37,34,17,181,Apple
32,30,38,18,160,Pear
42,38,37,24,172,InvertedTriangle
46,41,40,22,182,InvertedTriangle
38,35,47,17,172,Pear
39,37,38,17,150,Rectangle
41,34,42,18,160,Hourglass
42,35,40,16,167,Hourglass
34,33,33,19,161,Rectangle
37,34,39,18,170,Rectangle
45,41,36,22,185,InvertedTriangle
45,42,36,24,160,InvertedTriangle
38,34,50,15,168,Pear
32,28,44,16,168,Pear
44,42,42,18,150,Apple
42,41,39,19,176,Apple
38,38,35,18,168,Apple
37,29,36,19,155,Hourglass
36,33,46,18,184,Pear
39,33,32,20,168,InvertedTriangle
45,40,39,21,169,InvertedTriangle
32,30,42,16,160,Pear
37,35,37,19,167,Rectangle
37,32,44,18,173,Pear
42,39,34,21,175,InvertedTriangle
34,28,32,16,168,Hourglass
34,32,33,16,180,Rectangle
34,27,34,17,158,Hourglass
43,39,38,23,184,InvertedTriangle
34,31,42,17,157,Pear
36,34,36,16,185,Rectangle
40,37,42,19,150,Rectangle
39,36,40,18,185,Rectangle
40,39,42,17,171,Rectangle
38,37,39,16,165,Rectangle
36,28,37,16,170,Hourglass
41,41,39,20,182,Apple
36,36,35,20,159,Apple
41,33,41,18,185,Hourglass
35,33,36,19,180,Rectangle
36,35,35,18,179,Rectangle
36,30,36,17,156,Hourglass
39,34,29,20,179,InvertedTriangle
42,42,39,18,179,Apple
37,37,35,20,166,Apple
43,37,36,21,164,InvertedTriangle
37,33,45,16,176,Pear
40,37,41,16,174,Rectangle
34,31,35,19,170,Rectangle
38,35,46,17,176,Pear
34,29,42,17,161,Pear
36,35,35,16,172,Rectangle
39,39,36,18,172,Apple
44,42,41,20,170,Apple
42,39,32,22,156,InvertedTriangle
39,33,30,21,178,InvertedTriangle
42,37,34,21,156,InvertedTriangle
38,34,45,18,157,Pear
40,38,39,19,165,Rectangle
43,38,37,20,168,InvertedTriangle
37,35,37,18,174,Rectangle
32,27,40,18,184,Pear
38,32,29,22,176,InvertedTriangle
35,32,46,16,184,Pear
40,38,37,19,172,Apple
41,35,31,23,179,InvertedTriangle
35,34,34,19,154,Rectangle
36,32,47,17,173,Pear
38,36,49,18,177,Pear
37,35,36,17,176,Rectangle
34,24,35,19,167,Hourglass
34,31,34,19,150,Rectangle
42,41,41,20,159,Apple
36,34,38,16,154,Rectangle
37,29,35,17,155,Hourglass
38,35,44,18,151,Pear
38,38,37,18,185,Apple
39,30,39,16,175,Hourglass
39,33,37,18,182,Hourglass
36,28,37,16,168,Hourglass
46,42,39,21,157,InvertedTriangle
40,38,39,19,181,Rectangle
42,42,41,20,164,Apple
38,31,40,19,160,Hourglass
40,37,34,20,181,InvertedTriangle
38,29,40,19,171,Hourglass
42,39,36,20,167,InvertedTriangle
37,36,36,20,158,Apple
33,30,42,18,162,Pear
44,44,43,20,161,Apple
40,39,42,18,165,Rectangle
41,37,36,23,176,InvertedTriangle
36,33,38,18,179,Rectangle
40,31,41,18,172,Hourglass
37,35,46,17,165,Pear
38,32,28,21,169,InvertedTriangle
40,30,39,17,155,Hourglass
36,35,37,16,163,Rectangle
34,24,34,18,185,Hourglass
35,25,37,19,165,Hourglass
43,43,40,20,161,Apple
33,29,45,18,152,Pear
40,37,41,16,164,Rectangle
41,40,40,20,155,Apple
37,35,35,20,181,Apple
35,26,35,19,155,Hourglass
39,30,39,16,171,Hourglass
41,35,41,18,173,Hourglass
39,36,39,17,180,Rectangle
39,37,37,17,177,Apple
40,40,39,17,156,Apple
46,40,40,20,173,InvertedTriangle
44,42,42,17,173,Apple
32,27,38,18,183,Pear
35,32,37,19,170,Rectangle
41,32,42,16,174,Hourglass
33,30,41,18,150,Pear
34,28,34,16,160,Hourglass
38,28,39,17,160,Hourglass
46,42,40,23,157,InvertedTriangle
39,39,37,17,162,Apple
38,35,39,19,152,Rectangle
44,39,37,22,182,InvertedTriangle
39,38,37,19,175,Apple
34,30,44,15,173,Pear
42,37,35,21,150,InvertedTriangle
34,31,34,16,157,Rectangle
39,36,41,16,151,Rectangle
35,31,46,16,185,Pear
38,29,39,18,157,Hourglass
34,32,44,15,178,Pear
38,30,37,18,157,Hourglass
35,29,37,17,150,Hourglass
45,39,39,22,157,InvertedTriangle
44,40,35,21,166,InvertedTriangle
42,32,43,18,153,Hourglass
38,37,35,18,167,Apple
37,34,47,16,171,Pear
41,31,42,19,161,Hourglass
34,33,35,18,166,Rectangle
40,38,40,17,160,Rectangle
46,43,36,20,158,InvertedTriangle
36,35,33,19,171,Apple
39,39,38,19,151,Apple
39,29,37,16,166,Hourglass
40,38,42,17,153,Rectangle
40,34,32,21,160,InvertedTriangle
35,25,36,16,156,Hourglass
39,38,38,17,170,Rectangle
37,34,39,16,170,Rectangle
41,40,38,18,172,Apple
38,32,29,21,181,InvertedTriangle
35,32,44,15,161,Pear
36,28,38,17,175,Hourglass
35,25,37,19,174,Hourglass
43,38,35,20,170,InvertedTriangle
35,30,47,17,158,Pear
43,41,40,20,180,Apple
33,30,39,17,152,Pear
36,33,37,19,159,Rectangle
36,34,45,16,166,Pear
43,42,42,17,154,Apple
39,38,40,18,159,Rectangle
37,34,38,16,180,Rectangle
42,42,40,19,179,Apple
38,36,50,16,171,Pear
37,28,35,17,166,Hourglass
36,33,43,16,174,Pear
34,33,33,17,181,Rectangle
40,39,40,17,158,Rectangle
35,32,37,19,174,Rectangle
38,37,37,18,158,Rectangle
39,35,30,20,176,InvertedTriangle
44,43,42,20,175,Apple
36,34,42,17,171,Pear
37,36,39,19,178,Rectangle
36,33,35,17,177,Rectangle
41,39,40,17,150,Apple
39,29,38,19,179,Hourglass
43,39,33,20,167,InvertedTriangle
34,26,35,16,156,Hourglass
41,31,40,17,160,Hourglass
46,40,36,24,167,InvertedTriangle
34,31,46,18,161,Pear
41,39,40,18,176,Apple
44,38,34,20,170,InvertedTriangle
33,30,44,15,176,Pear
34,30,41,17,172,Pear
38,34,31,21,150,InvertedTriangle
41,39,40,19,159,Apple
39,39,37,18,171,Apple
37,34,49,16,184,Pear
40,38,37,17,182,Apple
38,36,38,17,168,Rectangle
39,39,37,18,173,Apple
36,35,36,19,159,Rectangle
42,34,42,16,176,Hourglass
35,34,34,19,174,Rectangle
35,33,34,19,152,Rectangle
40,39,37,19,161,Apple
32,29,38,16,162,Pear
40,32,41,17,172,Hourglass
37,35,35,17,184,Apple
37,34,47,16,182,Pear
38,32,40,16,163,Hourglass
42,41,39,19,163,Apple
39,37,40,18,183,Rectangle
41,36,33,22,164,InvertedTriangle
38,34,32,24,167,InvertedTriangle
34,33,34,19,169,Rectangle
42,38,34,24,154,InvertedTriangle
34,28,34,16,163,Hourglass
39,38,38,20,155,Apple
40,34,33,24,182,InvertedTriangle
43,40,37,23,168,InvertedTriangle
44,42,41,19,168,Apple
44,43,42,19,156,Apple
46,42,37,23,177,InvertedTriangle
34,29,44,15,160,Pear
36,33,37,18,163,Rectangle
36,29,36,18,152,Hourglass
35,32,37,16,178,Rectangle
37,35,48,15,153,Pear
38,38,37,19,170,Apple
36,31,44,17,155,Pear
36,34,45,17,185,Pear
36,36,33,18,156,Apple
40,30,42,18,178,Hourglass
39,37,40,17,156,Rectangle
42,39,32,21,167,InvertedTriangle
39,34,33,22,153,InvertedTriangle
40,32,39,18,155,Hourglass
38,35,45,18,162,Pear
38,34,46,18,182,Pear
34,31,45,18,176,Pear
44,39,37,22,171,InvertedTriangle
43,37,36,22,180,InvertedTriangle
37,35,36,18,163,Rectangle
35,33,41,17,164,Pear
37,35,43,16,172,Pear
36,28,36,17,170,Hourglass
43,43,41,19,175,Apple
37,28,36,16,179,Hourglass
39,32,41,18,184,Hourglass
35,31,46,15,159,Pear
40,39,37,20,171,Apple
32,28,43,18,176,Pear
37,34,36,16,177,Rectangle
35,31,46,17,155,Pear
44,43,41,20,151,Apple
39,33,31,24,184,InvertedTriangle
33,31,42,16,172,Pear
37,35,47,16,168,Pear
41,38,33,20,171,InvertedTriangle
40,36,30,22,172,InvertedTriangle
44,43,43,17,166,Apple
37,34,37,19,164,Rectangle
33,29,43,18,174,Pear
40,35,31,20,167,InvertedTriangle
36,35,38,16,183,Rectangle
36,26,35,19,174,Hourglass
37,35,38,16,166,Rectangle
36,34,35,19,159,Rectangle
33,29,41,18,177,Pear
37,37,36,20,181,Apple
34,29,43,18,162,Pear
40,40,37,19,150,Apple
37,33,43,16,174,Pear
36,28,37,19,167,Hourglass
38,30,37,17,158,Hourglass
38,33,30,23,179,InvertedTriangle
40,31,42,19,168,Hourglass
37,37,36,19,184,Apple
41,33,40,16,154,Hourglass
37,36,34,18,157,Apple
40,34,35,21,174,InvertedTriangle
34,26,35,19,185,Hourglass
39,37,37,17,181,Apple
41,41,40,20,179,Apple
34,30,40,17,183,Pear
40,40,39,20,160,Apple
38,38,37,18,151,Apple
32,29,39,17,162,Pear
37,37,35,17,154,Apple
43,40,36,24,175,InvertedTriangle
38,34,44,17,181,Pear
34,33,33,17,165,Rectangle
43,43,40,19,152,Apple
39,36,38,16,183,Rectangle
41,39,40,20,181,Apple
38,35,37,19,175,Rectangle
44,42,41,18,167,Apple
35,33,45,16,181,Pear
36,34,37,16,158,Rectangle
40,39,41,18,159,Rectangle
40,30,42,17,152,Hourglass
34,27,33,18,164,Hourglass
40,40,39,17,165,Apple
40,40,39,18,179,Apple
39,33,33,23,172,InvertedTriangle
39,29,37,19,153,Hourglass
40,37,32,22,175,InvertedTriangle
37,36,36,18,164,Apple
36,31,48,15,174,Pear
